timestamp,frame_count,pred_action,voted_action,confidence,speed,left,right,angle,prob_jump,prob_left,prob_right,prob_straight,raw_seq_len
1761820075.146671,244,straight,straight,0.9928394556045532,0.0,0.0,0.0,0.0,0.007122744340449572,2.5669745809864253e-05,1.2114572200516704e-05,0.9928394556045532,244
1761820075.7667508,244,straight,straight,0.9928396940231323,0.0,0.0,0.0,0.0,0.007122548762708902,2.5667843146948144e-05,1.2113673619751353e-05,0.9928396940231323,244
1761820076.3725765,244,straight,straight,0.9928395748138428,0.0,0.0,0.0,0.0,0.007122608833014965,2.566832881711889e-05,1.2113914635847323e-05,0.9928395748138428,244
1761820076.987593,244,straight,straight,0.9928394556045532,0.0,0.0,0.0,0.0,0.007122764363884926,2.5669891329016536e-05,1.2114675882912707e-05,0.9928394556045532,244
1761820077.5976417,244,straight,straight,0.9928394556045532,0.0,0.0,0.0,0.0,0.007122750859707594,2.5669820388429798e-05,1.2114640412619337e-05,0.9928394556045532,244
1761820078.1317275,244,straight,straight,0.9928394556045532,0.0,0.0,0.0,0.0,0.007122734095901251,2.5669696697150357e-05,1.2114594937884249e-05,0.9928394556045532,244
1761820078.7192857,244,straight,straight,0.9928394556045532,0.0,0.0,0.0,0.0,0.007122707087546587,2.5669500246294774e-05,1.2114502169424668e-05,0.9928394556045532,244
1761820079.3338742,244,straight,straight,0.9928395748138428,0.0,0.0,0.0,0.0,0.00712257856503129,2.5668696252978407e-05,1.2114041965105571e-05,0.9928395748138428,244
1761820079.9344735,244,straight,straight,0.9928395748138428,0.0,0.0,0.0,0.0,0.00712257856503129,2.5668916350696236e-05,1.2114134733565152e-05,0.9928395748138428,244
1761820080.4836426,244,straight,straight,0.9928396940231323,0.0,0.0,0.0,0.0,0.0071224644780159,2.5667744921520352e-05,1.2113592674722895e-05,0.9928396940231323,244
1761820081.1808667,244,straight,straight,0.9928398132324219,0.0,0.0,0.0,0.0,0.007122387178242207,2.566737930465024e-05,1.211337439599447e-05,0.9928398132324219,244
1761820081.6788366,244,straight,straight,0.992840051651001,0.0,0.0,0.0,0.0,0.007122184615582228,2.5666089641163126e-05,1.211266135214828e-05,0.992840051651001,244
1761820082.2629461,244,straight,straight,0.992840051651001,0.0,0.0,0.0,0.0,0.007122130133211613,2.5665649445727468e-05,1.211243034049403e-05,0.992840051651001,244
1761820082.8528674,244,straight,straight,0.992840051651001,0.0,0.0,0.0,0.0,0.00712212361395359,2.5665673092589714e-05,1.2112442163925152e-05,0.992840051651001,244
1761820083.4498456,244,straight,straight,0.9928401708602905,0.0,0.0,0.0,0.0,0.007122002076357603,2.5664941858849488e-05,1.2112039257772267e-05,0.9928401708602905,244
1761820084.0946133,244,straight,straight,0.9928404092788696,0.0,0.0,0.0,0.0,0.007121840957552195,2.56638704740908e-05,1.2111452633689623e-05,0.9928404092788696,244
1761820085.0614455,244,straight,straight,0.9928404092788696,0.0,0.0,0.0,0.0,0.007121827453374863,2.5663821361376904e-05,1.2111464457120746e-05,0.9928404092788696,244
1761820085.6001797,244,straight,straight,0.9928404092788696,0.0,0.0,0.0,0.0,0.00712178647518158,2.5663406631792895e-05,1.2111279829696286e-05,0.9928404092788696,244
1761820086.2178266,244,straight,straight,0.9928404092788696,0.0,0.0,0.0,0.0,0.0071218544617295265,2.5663945052656345e-05,1.2111557225580327e-05,0.9928404092788696,244
1761820086.7859507,244,straight,straight,0.9928404092788696,0.0,0.0,0.0,0.0,0.00712178647518158,2.566338298493065e-05,1.2111279829696286e-05,0.9928404092788696,244
1761820087.3875756,244,straight,straight,0.9928405284881592,0.0,0.0,0.0,0.0,0.007121702190488577,2.5662919142632745e-05,1.2111016076232772e-05,0.9928405284881592,244
1761820088.0123646,244,straight,straight,0.9928404092788696,0.0,0.0,0.0,0.0,0.0071217832155525684,2.566367584222462e-05,1.2111395335523412e-05,0.9928404092788696,244
1761820088.5863078,244,straight,straight,0.9928402900695801,0.0,0.0,0.0,0.0,0.007121887523680925,2.5664479835540988e-05,1.2111855539842509e-05,0.9928402900695801,244
1761820090.4175205,244,straight,straight,0.9928405284881592,0.0,0.0,0.0,0.0,0.0071217333897948265,2.5663042833912186e-05,1.211115340993274e-05,0.9928405284881592,244
1761820091.0164895,244,straight,straight,0.9928407669067383,0.0,0.0,0.0,0.0,0.007121507078409195,2.5661409381427802e-05,1.211029120895546e-05,0.9928407669067383,244
1761820091.5371253,244,straight,straight,0.9928406476974487,0.0,0.0,0.0,0.0,0.007121621631085873,2.566218790889252e-05,1.211072776641231e-05,0.9928406476974487,244
1761820092.164877,244,straight,straight,0.9928406476974487,0.0,0.0,0.0,0.0,0.007121516391634941,2.5661405743448995e-05,1.2110323950764723e-05,0.9928406476974487,244
1761820093.0300617,244,straight,straight,0.9928407669067383,0.0,0.0,0.0,0.0,0.00712147681042552,2.566121293057222e-05,1.21102093544323e-05,0.9928407669067383,244
1761820093.7783756,244,straight,straight,0.9928407669067383,0.0,0.0,0.0,0.0,0.007121466565877199,2.566131115600001e-05,1.2110233001294546e-05,0.9928407669067383,244
1761820094.5680275,244,straight,straight,0.9928407669067383,0.0,0.0,0.0,0.0,0.007121453061699867,2.5661189283709973e-05,1.2110186617064755e-05,0.9928407669067383,244
1761820095.1267319,244,straight,straight,0.9928408861160278,0.0,0.0,0.0,0.0,0.007121325004845858,2.566021248640027e-05,1.2109691851946991e-05,0.9928408861160278,244
1761820095.7192407,244,straight,straight,0.9928408861160278,0.0,0.0,0.0,0.0,0.007121379021555185,2.5660800019977614e-05,1.2109981071262155e-05,0.9928408861160278,244
1761820096.3241148,244,straight,straight,0.9928406476974487,0.0,0.0,0.0,0.0,0.007121615577489138,2.5662848202046007e-05,1.2111063369957265e-05,0.9928406476974487,244
1761820096.9322288,244,straight,straight,0.9928406476974487,0.0,0.0,0.0,0.0,0.007121547590941191,2.5662287953309715e-05,1.2110785974073224e-05,0.9928406476974487,244
1761820097.5019147,244,straight,straight,0.9928406476974487,0.0,0.0,0.0,0.0,0.007121550850570202,2.5662384359748103e-05,1.2110797797504347e-05,0.9928406476974487,244
1761820098.153749,244,straight,straight,0.9928406476974487,0.0,0.0,0.0,0.0,0.007121611852198839,2.5662358893896453e-05,1.2110913303331472e-05,0.9928406476974487,244
1761820098.8009343,244,straight,straight,0.9928407669067383,0.0,0.0,0.0,0.0,0.007121483329683542,2.5661383915576153e-05,1.2110394891351461e-05,0.9928407669067383,244
1761820099.8074396,244,straight,straight,0.9928407669067383,0.0,0.0,0.0,0.0,0.007121510803699493,2.566184957686346e-05,1.211057860928122e-05,0.9928407669067383,244
1761820100.377052,244,straight,straight,0.9928407669067383,0.0,0.0,0.0,0.0,0.007121496833860874,2.566175135143567e-05,1.2110544048482552e-05,0.9928407669067383,244
1761820100.937619,244,straight,straight,0.9928408861160278,0.0,0.0,0.0,0.0,0.007121345028281212,2.5660652681835927e-05,1.2109957424399909e-05,0.9928408861160278,244
1761820101.700926,244,straight,straight,0.9928411245346069,0.0,0.0,0.0,0.0,0.007121160160750151,2.5659410312073305e-05,1.2109278031857684e-05,0.9928411245346069,244
1761820102.48703,244,straight,straight,0.9928410053253174,0.0,0.0,0.0,0.0,0.007121216971427202,2.5659897801233456e-05,1.2109554518247023e-05,0.9928410053253174,244
1761820103.2902615,244,straight,straight,0.9928412437438965,0.0,0.0,0.0,0.0,0.007121045608073473,2.5658582671894692e-05,1.2108886949135922e-05,0.9928412437438965,244
1761820104.0838497,244,straight,straight,0.9928412437438965,0.0,0.0,0.0,0.0,0.007120933383703232,2.565787326602731e-05,1.2108494956919458e-05,0.9928412437438965,244
1761820104.588029,244,straight,straight,0.992841362953186,0.0,0.0,0.0,0.0,0.007120897062122822,2.565780232544057e-05,1.2108404916943982e-05,0.992841362953186,244
1761820105.2424722,244,straight,straight,0.992841362953186,0.0,0.0,0.0,0.0,0.007120927330106497,2.5658317099441774e-05,1.2108623195672408e-05,0.992841362953186,244
1761820105.8038633,244,straight,straight,0.9928412437438965,0.0,0.0,0.0,0.0,0.007120998110622168,2.5658851882326417e-05,1.2108910595998168e-05,0.9928412437438965,244
1761820106.810199,244,straight,straight,0.9928412437438965,0.0,0.0,0.0,0.0,0.007120971102267504,2.565867907833308e-05,1.210882965096971e-05,0.9928412437438965,244
1761820107.4677982,244,straight,straight,0.992790699005127,0.0,0.0,0.0,0.0,0.00717100640758872,2.6014609829871915e-05,1.230324232892599e-05,0.992790699005127,244
1761820108.1405141,244,straight,straight,0.9927652478218079,0.0,0.0,0.0,0.0,0.007196187973022461,2.6172980142291635e-05,1.2392303688102402e-05,0.9927652478218079,244
1761820108.7796533,244,straight,straight,0.99277263879776,0.0,0.0,0.0,0.0,0.007188973482698202,2.6103953132405877e-05,1.2355931175989099e-05,0.99277263879776,244
1761820109.5410202,244,straight,straight,0.9927880167961121,0.0,0.0,0.0,0.0,0.007173760794103146,2.59800272033317e-05,1.228978180733975e-05,0.9927880167961121,244
1761820110.2893627,244,straight,straight,0.9927852153778076,0.0,0.0,0.0,0.0,0.007176508661359549,2.5987810658989474e-05,1.229561985383043e-05,0.9927852153778076,244
1761820111.0594504,244,straight,straight,0.9927850961685181,0.0,0.0,0.0,0.0,0.007176661863923073,2.5951005227398127e-05,1.2282785974093713e-05,0.9927850961685181,244
1761820111.8266046,244,straight,straight,0.9927148222923279,0.0,0.0,0.0,0.0,0.007246234454214573,2.6436930056661367e-05,1.254198832612019e-05,0.9927148222923279,244
1761820112.621583,244,straight,straight,0.9926182627677917,0.0,0.0,0.0,0.0,0.0073417299427092075,2.714003494475037e-05,1.291539410885889e-05,0.9926182627677917,244
1761820113.8282425,244,straight,straight,0.9922661185264587,0.0,0.0,0.0,0.0,0.007689800579100847,2.9690436349483207e-05,1.4334809748106636e-05,0.9922661185264587,244
1761820114.6302698,244,straight,straight,0.9920169115066528,0.0,0.0,0.0,0.0,0.007936001755297184,3.165322414133698e-05,1.5408801118610427e-05,0.9920169115066528,244
1761820115.4172537,244,straight,straight,0.9917086958885193,0.0,0.0,0.0,0.0,0.008240227587521076,3.4279131796211004e-05,1.685480856394861e-05,0.9917086958885193,244
1761820116.657213,244,straight,straight,0.9913389682769775,0.0,0.0,0.0,0.0,0.00860495027154684,3.7418427382363006e-05,1.8648424884304404e-05,0.9913389682769775,244
1761820117.4654899,244,straight,straight,0.9913783073425293,0.0,0.0,0.0,0.0,0.008567672222852707,3.607833423302509e-05,1.7942680642590858e-05,0.9913783073425293,244
1761820118.2390137,244,straight,straight,0.9909067153930664,0.0,0.0,0.0,0.0,0.009033560752868652,3.9572903915541247e-05,2.0112642232561484e-05,0.9909067153930664,244
1761820118.7957819,244,straight,straight,0.9906044602394104,0.0,0.0,0.0,0.0,0.009331883862614632,4.2004070564871654e-05,2.1597359591396526e-05,0.9906044602394104,244
1761820119.3756483,244,straight,straight,0.9903123378753662,0.0,0.0,0.0,0.0,0.00962026510387659,4.436817471287213e-05,2.3062335458234884e-05,0.9903123378753662,244
1761820119.9878016,244,straight,straight,0.990138053894043,0.0,0.0,0.0,0.0,0.009792882949113846,4.537134736892767e-05,2.369849244132638e-05,0.990138053894043,244
1761820120.6120923,244,straight,straight,0.9897837042808533,0.0,0.0,0.0,0.0,0.010142644867300987,4.813718987861648e-05,2.5559373170835897e-05,0.9897837042808533,244
1761820121.2234986,244,straight,straight,0.9898332357406616,0.0,0.0,0.0,0.0,0.010096537880599499,4.594537676894106e-05,2.4239257982117124e-05,0.9898332357406616,244
1761820121.7301834,244,straight,straight,0.9896308779716492,0.0,0.0,0.0,0.0,0.010298008099198341,4.652974894270301e-05,2.463888631609734e-05,0.9896308779716492,244
1761820122.3455524,244,straight,straight,0.9893375635147095,0.0,0.0,0.0,0.0,0.01058819517493248,4.862999776378274e-05,2.557413245085627e-05,0.9893375635147095,244
1761820124.181357,244,straight,straight,0.9890173673629761,0.0,0.0,0.0,0.0,0.01090538315474987,5.071002306067385e-05,2.6584004444885068e-05,0.9890173673629761,244
1761820124.7076979,244,straight,straight,0.988705575466156,0.0,0.0,0.0,0.0,0.011213992722332478,5.26897310919594e-05,2.772502921288833e-05,0.988705575466156,244
1761820125.3599865,244,straight,straight,0.988438069820404,0.0,0.0,0.0,0.0,0.011479364708065987,5.401193266152404e-05,2.8589987778104842e-05,0.988438069820404,244
1761820125.9731655,244,straight,straight,0.9881380200386047,0.0,0.0,0.0,0.0,0.011777608655393124,5.4606494813924655e-05,2.975865572807379e-05,0.9881380200386047,244
1761820126.471968,244,straight,straight,0.9878110289573669,0.0,0.0,0.0,0.0,0.01210102066397667,5.668621452059597e-05,3.1224568374454975e-05,0.9878110289573669,244
1761820127.1067202,244,straight,straight,0.9873375296592712,0.0,0.0,0.0,0.0,0.012567884288728237,6.064575063646771e-05,3.394755913177505e-05,0.9873375296592712,244
1761820127.7123375,244,straight,straight,0.9870818853378296,0.0,0.0,0.0,0.0,0.012820713222026825,6.226010737009346e-05,3.511669274303131e-05,0.9870818853378296,244
1761820128.2736766,244,straight,straight,0.9869523048400879,0.0,0.0,0.0,0.0,0.012949954718351364,6.23307641944848e-05,3.540313264238648e-05,0.9869523048400879,244
1761820128.919077,244,straight,straight,0.9869399070739746,0.0,0.0,0.0,0.0,0.012964069843292236,6.116079748608172e-05,3.491100505925715e-05,0.9869399070739746,244
1761820129.4759572,244,straight,straight,0.9869591593742371,0.0,0.0,0.0,0.0,0.012946388684213161,6.007575575495139e-05,3.435208054725081e-05,0.9869591593742371,244
1761820130.0355418,244,straight,straight,0.9869959354400635,0.0,0.0,0.0,0.0,0.012910941615700722,5.925435107201338e-05,3.3865657314890996e-05,0.9869959354400635,244
1761820130.6679866,244,straight,straight,0.9870542883872986,0.0,0.0,0.0,0.0,0.012853764928877354,5.853715629200451e-05,3.340427065268159e-05,0.9870542883872986,244
1761820131.2896597,244,straight,straight,0.9871124625205994,0.0,0.0,0.0,0.0,0.012796545401215553,5.795943070552312e-05,3.302038385299966e-05,0.9871124625205994,244
1761820131.85554,244,straight,straight,0.9871587753295898,0.0,0.0,0.0,0.0,0.012750963680446148,5.7530287449480966e-05,3.2731815736042336e-05,0.9871587753295898,244
1761820132.4558935,244,straight,straight,0.9871941208839417,0.0,0.0,0.0,0.0,0.012716177850961685,5.7210083468817174e-05,3.2515974453417584e-05,0.9871941208839417,244
1761820133.016459,244,straight,straight,0.9872207045555115,0.0,0.0,0.0,0.0,0.012689897790551186,5.69704279769212e-05,3.235448457417078e-05,0.9872207045555115,244
1761820133.6727867,244,straight,straight,0.9872037768363953,0.0,0.0,0.0,0.0,0.012706659734249115,5.7100754929706454e-05,3.244028630433604e-05,0.9872037768363953,244
1761820134.270928,244,straight,straight,0.9871963262557983,0.0,0.0,0.0,0.0,0.012714163400232792,5.7099179684882984e-05,3.2451240258524194e-05,0.9871963262557983,244
1761820134.7896013,244,straight,straight,0.9871189594268799,0.0,0.0,0.0,0.0,0.012790443375706673,5.769609197159298e-05,3.2858381018741056e-05,0.9871189594268799,244
1761820135.4390912,244,straight,straight,0.9869028329849243,0.0,0.0,0.0,0.0,0.013003886677324772,5.936918023508042e-05,3.388791810721159e-05,0.9869028329849243,244
1761820136.4508445,244,straight,straight,0.9865986108779907,0.0,0.0,0.0,0.0,0.013304068706929684,6.198901974130422e-05,3.537556403898634e-05,0.9865986108779907,244
1761820137.0355787,244,straight,straight,0.9862232804298401,0.0,0.0,0.0,0.0,0.013675844296813011,6.378682155627757e-05,3.704800474224612e-05,0.9862232804298401,244
1761820137.5723927,244,straight,straight,0.9856616854667664,0.0,0.0,0.0,0.0,0.014230684377253056,6.76383642712608e-05,3.993987775174901e-05,0.9856616854667664,244
1761820138.2126338,244,straight,straight,0.9852494597434998,0.0,0.0,0.0,0.0,0.014637619256973267,7.067793922033161e-05,4.219801121507771e-05,0.9852494597434998,244
1761820138.7902122,244,straight,straight,0.9849008321762085,0.0,0.0,0.0,0.0,0.014981416054069996,7.348704093601555e-05,4.42542223026976e-05,0.9849008321762085,244
1761820139.5777688,244,straight,straight,0.9845781922340393,0.0,0.0,0.0,0.0,0.015299379825592041,7.616970833623782e-05,4.625882502296008e-05,0.9845781922340393,244
1761820140.5944066,244,straight,straight,0.9843133687973022,0.0,0.0,0.0,0.0,0.015561011619865894,7.791372627252713e-05,4.772200190927833e-05,0.9843133687973022,244
1761820141.1247644,244,straight,straight,0.9841980338096619,0.0,0.0,0.0,0.0,0.015675663948059082,7.812943658791482e-05,4.8171161324717104e-05,0.9841980338096619,244
1761820141.7143152,244,straight,straight,0.9842163920402527,0.0,0.0,0.0,0.0,0.015658654272556305,7.719678251305595e-05,4.774861372425221e-05,0.9842163920402527,244
1761820142.3269866,244,straight,straight,0.9843283891677856,0.0,0.0,0.0,0.0,0.015548927709460258,7.584496052004397e-05,4.685828025685623e-05,0.9843283891677856,244
1761820142.8753011,244,straight,straight,0.9844740629196167,0.0,0.0,0.0,0.0,0.0154055655002594,7.449342228937894e-05,4.587026342051104e-05,0.9844740629196167,244
1761820144.0670714,244,straight,straight,0.9845917820930481,0.0,0.0,0.0,0.0,0.015289532952010632,7.34850691515021e-05,4.511879160418175e-05,0.9845917820930481,244
1761820144.6543283,244,straight,straight,0.9844656586647034,0.0,0.0,0.0,0.0,0.015413765795528889,7.463586371159181e-05,4.5925331505713984e-05,0.9844656586647034,244
1761820145.2120173,244,straight,straight,0.9844255447387695,0.0,0.0,0.0,0.0,0.01545329112559557,7.495879981433973e-05,4.615286525222473e-05,0.9844255447387695,244
1761820145.8288357,244,straight,straight,0.9844032526016235,0.0,0.0,0.0,0.0,0.015475423075258732,7.504787208745256e-05,4.623626955435611e-05,0.9844032526016235,244
1761820146.4512775,244,straight,straight,0.9844106435775757,0.0,0.0,0.0,0.0,0.015468552708625793,7.47368176234886e-05,4.604687637765892e-05,0.9844106435775757,244
1761820147.2269506,244,straight,straight,0.9843252897262573,0.0,0.0,0.0,0.0,0.015553085133433342,7.51785992179066e-05,4.6454388211714104e-05,0.9843252897262573,244
1761820147.8533936,244,straight,straight,0.9843010306358337,0.0,0.0,0.0,0.0,0.015577342361211777,7.516420009778813e-05,4.6487723011523485e-05,0.9843010306358337,244
1761820148.3579369,244,straight,straight,0.9843909740447998,0.0,0.0,0.0,0.0,0.01548889558762312,7.42241318221204e-05,4.58394133602269e-05,0.9843909740447998,244
1761820148.99225,244,straight,straight,0.9844170808792114,0.0,0.0,0.0,0.0,0.01546340249478817,7.391077815555036e-05,4.562952744890936e-05,0.9844170808792114,244
1761820149.5610263,244,straight,straight,0.9843162894248962,0.0,0.0,0.0,0.0,0.015563097782433033,7.450833800248802e-05,4.618195089278743e-05,0.9843162894248962,244
1761820150.168416,244,straight,straight,0.984257698059082,0.0,0.0,0.0,0.0,0.01562084536999464,7.496424950659275e-05,4.6515655412804335e-05,0.984257698059082,244
1761820150.7524934,244,straight,straight,0.9843037724494934,0.0,0.0,0.0,0.0,0.015575402416288853,7.452253339579329e-05,4.623764107236639e-05,0.9843037724494934,244
1761820151.3465054,244,straight,straight,0.9843730926513672,0.0,0.0,0.0,0.0,0.015507162548601627,7.394984277198091e-05,4.583945337799378e-05,0.9843730926513672,244
1761820151.9525526,244,straight,straight,0.984396755695343,0.0,0.0,0.0,0.0,0.015483705326914787,7.378678128588945e-05,4.57175265182741e-05,0.984396755695343,244
1761820152.5362709,244,straight,straight,0.9844232201576233,0.0,0.0,0.0,0.0,0.015457645989954472,7.359984738286585e-05,4.557944703265093e-05,0.9844232201576233,244
1761820153.1586814,244,straight,straight,0.9844658374786377,0.0,0.0,0.0,0.0,0.01541548129171133,7.326296326937154e-05,4.534213803708553e-05,0.9844658374786377,244
1761820153.7975733,244,straight,straight,0.984483540058136,0.0,0.0,0.0,0.0,0.015398127026855946,7.312516390811652e-05,4.524917676462792e-05,0.984483540058136,244
1761820154.3811145,244,straight,straight,0.9845031499862671,0.0,0.0,0.0,0.0,0.015378681011497974,7.298434502445161e-05,4.51485175290145e-05,0.9845031499862671,244
1761820154.8826683,244,straight,straight,0.9845304489135742,0.0,0.0,0.0,0.0,0.015351778827607632,7.276064570760354e-05,4.499305578065105e-05,0.9845304489135742,244
1761820155.500736,244,straight,straight,0.9845409393310547,0.0,0.0,0.0,0.0,0.015341440215706825,7.269337947946042e-05,4.4946013076696545e-05,0.9845409393310547,244
1761820156.1064003,244,straight,straight,0.9845432639122009,0.0,0.0,0.0,0.0,0.0153390197083354,7.272454968187958e-05,4.495589746511541e-05,0.9845432639122009,244
1761820158.3727808,244,straight,straight,0.9845499992370605,0.0,0.0,0.0,0.0,0.015332367271184921,7.26981379557401e-05,4.4931766751687974e-05,0.9845499992370605,244
1761820158.897965,244,straight,straight,0.9845002889633179,0.0,0.0,0.0,0.0,0.015381195582449436,7.318179996218532e-05,4.527334021986462e-05,0.9845002889633179,244
1761820159.5160391,244,straight,straight,0.9844153523445129,0.0,0.0,0.0,0.0,0.015464702621102333,7.402055052807555e-05,4.585794886224903e-05,0.9844153523445129,244
1761820160.1187928,244,straight,straight,0.9843481183052063,0.0,0.0,0.0,0.0,0.015530789270997047,7.471767457900569e-05,4.633149364963174e-05,0.9843481183052063,244
1761820160.72905,244,straight,straight,0.9843115210533142,0.0,0.0,0.0,0.0,0.015566689893603325,7.512394222430885e-05,4.6597051550634205e-05,0.9843115210533142,244
1761820161.2725842,244,straight,straight,0.9842844009399414,0.0,0.0,0.0,0.0,0.015593481250107288,7.538310455856845e-05,4.6774704969720915e-05,0.9842844009399414,244
1761820161.9361856,244,straight,straight,0.9842847585678101,0.0,0.0,0.0,0.0,0.01559321116656065,7.534525502705947e-05,4.675403033616021e-05,0.9842847585678101,244
1761820162.5258157,244,straight,straight,0.9842914342880249,0.0,0.0,0.0,0.0,0.01558661088347435,7.524623651988804e-05,4.668791007134132e-05,0.9842914342880249,244
1761820163.0634918,244,straight,straight,0.9842989444732666,0.0,0.0,0.0,0.0,0.015579291619360447,7.515085599152371e-05,4.6623972593806684e-05,0.9842989444732666,244
1761820163.6769428,244,straight,straight,0.9842844009399414,0.0,0.0,0.0,0.0,0.015593665651977062,7.52712512621656e-05,4.671091664931737e-05,0.9842844009399414,244
1761820164.2577708,244,straight,straight,0.9842857718467712,0.0,0.0,0.0,0.0,0.015592334792017937,7.521000225096941e-05,4.667486427933909e-05,0.9842857718467712,244
1761820164.8573852,244,straight,straight,0.9842807054519653,0.0,0.0,0.0,0.0,0.015597393736243248,7.523214298998937e-05,4.669301415560767e-05,0.9842807054519653,244
1761820165.4671206,244,straight,straight,0.9842717051506042,0.0,0.0,0.0,0.0,0.015606311149895191,7.528808782808483e-05,4.67377612949349e-05,0.9842717051506042,244
1761820166.0194232,244,straight,straight,0.9842551946640015,0.0,0.0,0.0,0.0,0.015622578561306,7.540114165749401e-05,4.683111546910368e-05,0.9842551946640015,244
1761820166.650981,244,straight,straight,0.9842231869697571,0.0,0.0,0.0,0.0,0.0156540684401989,7.570368325104937e-05,4.7045938117662445e-05,0.9842231869697571,244
1761820167.654921,244,straight,straight,0.9842017292976379,0.0,0.0,0.0,0.0,0.015675164759159088,7.591791654704139e-05,4.719171556644142e-05,0.9842017292976379,244
1761820168.2903275,244,straight,straight,0.9841876029968262,0.0,0.0,0.0,0.0,0.015689101070165634,7.601317338412628e-05,4.726666156784631e-05,0.9841876029968262,244
1761820168.8791542,244,straight,straight,0.9841979146003723,0.0,0.0,0.0,0.0,0.015679117292165756,7.586399442516267e-05,4.7163459385046735e-05,0.9841979146003723,244
1761820169.3929055,244,straight,straight,0.9841848611831665,0.0,0.0,0.0,0.0,0.01569199003279209,7.590987661387771e-05,4.7210618504323065e-05,0.9841848611831665,244
1761820170.0349622,244,straight,straight,0.9842050671577454,0.0,0.0,0.0,0.0,0.015672219917178154,7.56376248318702e-05,4.703605009126477e-05,0.9842050671577454,244
1761820171.0438395,244,straight,straight,0.9841747879981995,0.0,0.0,0.0,0.0,0.01570216752588749,7.587841537315398e-05,4.721085861092433e-05,0.9841747879981995,244
1761820171.5404754,244,straight,straight,0.9841954708099365,0.0,0.0,0.0,0.0,0.015681829303503036,7.561661914223805e-05,4.704191815108061e-05,0.9841954708099365,244
1761820172.1556711,244,straight,straight,0.984205961227417,0.0,0.0,0.0,0.0,0.01567162200808525,7.544641994172707e-05,4.694395829574205e-05,0.984205961227417,244
1761820172.760275,244,straight,straight,0.9842197299003601,0.0,0.0,0.0,0.0,0.015658199787139893,7.522274245275185e-05,4.681049904320389e-05,0.9842197299003601,244
1761820173.3552623,244,straight,straight,0.9842216968536377,0.0,0.0,0.0,0.0,0.015656357631087303,7.513958553317934e-05,4.6775068767601624e-05,0.9842216968536377,244
1761820173.9527414,244,straight,straight,0.9842326641082764,0.0,0.0,0.0,0.0,0.01564565859735012,7.50091130612418e-05,4.6684679546160623e-05,0.9842326641082764,244
1761820174.7142591,244,straight,straight,0.9842018485069275,0.0,0.0,0.0,0.0,0.015676062554121017,7.523981912527233e-05,4.687071486841887e-05,0.9842018485069275,244
1761820175.3393664,244,straight,straight,0.9842104911804199,0.0,0.0,0.0,0.0,0.01566757634282112,7.516639743698761e-05,4.682577491621487e-05,0.9842104911804199,244
1761820175.875795,244,straight,straight,0.9842181205749512,0.0,0.0,0.0,0.0,0.01565995253622532,7.510399154853076e-05,4.6787303290329874e-05,0.9842181205749512,244
1761820176.4914083,244,straight,straight,0.9842278957366943,0.0,0.0,0.0,0.0,0.015650305896997452,7.504223322030157e-05,4.673951480071992e-05,0.9842278957366943,244
1761820177.0941975,244,straight,straight,0.9842209815979004,0.0,0.0,0.0,0.0,0.01565706357359886,7.512548472732306e-05,4.6797569666523486e-05,0.9842209815979004,244
1761820178.0605967,244,straight,straight,0.9842155575752258,0.0,0.0,0.0,0.0,0.015662413090467453,7.51847037463449e-05,4.684200757765211e-05,0.9842155575752258,244
1761820178.6596022,244,straight,straight,0.9841795563697815,0.0,0.0,0.0,0.0,0.015697931870818138,7.546519191237167e-05,4.7047036787262186e-05,0.9841795563697815,244
1761820179.157818,244,straight,straight,0.9841315150260925,0.0,0.0,0.0,0.0,0.01574535109102726,7.585265120724216e-05,4.7340250603156164e-05,0.9841315150260925,244
1761820179.8007019,244,straight,straight,0.9841009974479675,0.0,0.0,0.0,0.0,0.015775473788380623,7.603722769999877e-05,4.7511824959656224e-05,0.9841009974479675,244
1761820180.5979927,244,straight,straight,0.9840954542160034,0.0,0.0,0.0,0.0,0.01578090526163578,7.608155283378437e-05,4.7545370762236416e-05,0.9840954542160034,244
1761820181.207808,244,straight,straight,0.9841161370277405,0.0,0.0,0.0,0.0,0.015760513022542,7.589560118503869e-05,4.7411438572453335e-05,0.9841161370277405,244
1761820181.8151116,244,straight,straight,0.9841330051422119,0.0,0.0,0.0,0.0,0.015743955969810486,7.575054769404233e-05,4.7305751650128514e-05,0.9841330051422119,244
1761820182.3516572,244,straight,straight,0.9841210246086121,0.0,0.0,0.0,0.0,0.015755683183670044,7.588020525872707e-05,4.739191717817448e-05,0.9841210246086121,244
1761820182.9683824,244,straight,straight,0.9841273427009583,0.0,0.0,0.0,0.0,0.01574948988854885,7.58236856199801e-05,4.735485708806664e-05,0.9841273427009583,244
1761820183.5285053,244,straight,straight,0.9841406345367432,0.0,0.0,0.0,0.0,0.01573636382818222,7.571227615699172e-05,4.727445775642991e-05,0.9841406345367432,244
1761820184.3384066,244,straight,straight,0.9841512441635132,0.0,0.0,0.0,0.0,0.01572589762508869,7.562685641460121e-05,4.7212208301061764e-05,0.9841512441635132,244
1761820184.951414,244,straight,straight,0.984159529209137,0.0,0.0,0.0,0.0,0.01571766287088394,7.556103082606569e-05,4.716409239335917e-05,0.984159529209137,244
1761820185.556724,244,straight,straight,0.9841656684875488,0.0,0.0,0.0,0.0,0.015711652114987373,7.55158907850273e-05,4.713061571237631e-05,0.9841656684875488,244
1761820186.1164045,244,straight,straight,0.9841707348823547,0.0,0.0,0.0,0.0,0.015706663951277733,7.547812128905207e-05,4.710268694907427e-05,0.9841707348823547,244
1761820186.7371395,244,straight,straight,0.9841743111610413,0.0,0.0,0.0,0.0,0.01570315472781658,7.54524880903773e-05,4.708376945927739e-05,0.9841743111610413,244
1761820187.2941854,244,straight,straight,0.9841779470443726,0.0,0.0,0.0,0.0,0.01569962687790394,7.542506500612944e-05,4.70639206469059e-05,0.9841779470443726,244
1761820187.901413,244,straight,straight,0.9841806888580322,0.0,0.0,0.0,0.0,0.015696832910180092,7.540420483564958e-05,4.704870661953464e-05,0.9841806888580322,244
1761820188.4737725,244,straight,straight,0.9841824173927307,0.0,0.0,0.0,0.0,0.015695184469223022,7.539348007412627e-05,4.7040710342116654e-05,0.9841824173927307,244
1761820189.1833484,244,straight,straight,0.9841841459274292,0.0,0.0,0.0,0.0,0.01569340191781521,7.537988130934536e-05,4.703106242232025e-05,0.9841841459274292,244
1761820189.8783317,244,straight,straight,0.9841856360435486,0.0,0.0,0.0,0.0,0.015691906213760376,7.536878547398373e-05,4.702301157522015e-05,0.9841856360435486,244
1761820190.406693,244,straight,straight,0.9841876029968262,0.0,0.0,0.0,0.0,0.015690075233578682,7.535312761319801e-05,4.701217039837502e-05,0.9841876029968262,244
1761820192.3428934,244,straight,straight,0.984188973903656,0.0,0.0,0.0,0.0,0.015688614919781685,7.534129690611735e-05,4.7003893996588886e-05,0.984188973903656,244
1761820193.7458346,244,straight,straight,0.9841902852058411,0.0,0.0,0.0,0.0,0.015687385573983192,7.533140887971967e-05,4.699705459643155e-05,0.9841902852058411,244
1761820194.4852862,244,straight,straight,0.9841523766517639,0.0,0.0,0.0,0.0,0.01572476699948311,7.564151746919379e-05,4.7235724196070805e-05,0.9841523766517639,244
1761820195.3141277,244,straight,straight,0.9840484857559204,0.0,0.0,0.0,0.0,0.01582687348127365,7.666656892979518e-05,4.795786662725732e-05,0.9840484857559204,244
1761820199.2560735,244,straight,straight,0.9839766025543213,0.0,0.0,0.0,0.0,0.0158974789083004,7.74759755586274e-05,4.849377000937238e-05,0.9839766025543213,244
1761820200.4644954,244,straight,straight,0.9839547872543335,0.0,0.0,0.0,0.0,0.015919193625450134,7.752208330202848e-05,4.8562993470113724e-05,0.9839547872543335,244
1761820201.0863147,244,straight,straight,0.9838252663612366,0.0,0.0,0.0,0.0,0.016046475619077682,7.876029121689498e-05,4.945181717630476e-05,0.9838252663612366,244
1761820201.5926185,244,straight,straight,0.9836674928665161,0.0,0.0,0.0,0.0,0.016201455146074295,8.045528375077993e-05,5.062288255430758e-05,0.9836674928665161,244
1761820202.2119172,244,straight,straight,0.9836061000823975,0.0,0.0,0.0,0.0,0.016262082383036613,8.08998811407946e-05,5.094565494800918e-05,0.9836061000823975,244
1761820202.8331194,244,straight,straight,0.9834572672843933,0.0,0.0,0.0,0.0,0.016408706083893776,8.220054587582126e-05,5.1862520194845274e-05,0.9834572672843933,244
1761820203.4380677,244,straight,straight,0.9834664463996887,0.0,0.0,0.0,0.0,0.01640000380575657,8.189388609025627e-05,5.167327617527917e-05,0.9834664463996887,244
1761820203.970468,244,straight,straight,0.9834806323051453,0.0,0.0,0.0,0.0,0.016386333853006363,8.153417729772627e-05,5.1473987696226686e-05,0.9834806323051453,244
1761820204.5793612,244,straight,straight,0.9834625720977783,0.0,0.0,0.0,0.0,0.016404302790760994,8.158844138961285e-05,5.153650272404775e-05,0.9834625720977783,244
1761820205.1719809,244,straight,straight,0.9834175705909729,0.0,0.0,0.0,0.0,0.01644868403673172,8.195052214432508e-05,5.1822014938807115e-05,0.9834175705909729,244
1761820205.7502317,244,straight,straight,0.9832893013954163,0.0,0.0,0.0,0.0,0.01657482609152794,8.315798913827166e-05,5.2724313718499616e-05,0.9832893013954163,244
1761820206.6047928,244,straight,straight,0.9832626581192017,0.0,0.0,0.0,0.0,0.016601135954260826,8.336615428561345e-05,5.2855895773973316e-05,0.9832626581192017,244
1761820207.0918517,244,straight,straight,0.9831464886665344,0.0,0.0,0.0,0.0,0.016715431585907936,8.439022349193692e-05,5.3655960073228925e-05,0.9831464886665344,244
1761820207.708364,244,straight,straight,0.983116626739502,0.0,0.0,0.0,0.0,0.016745159402489662,8.447324944427237e-05,5.374297688831575e-05,0.983116626739502,244
1761820208.318155,244,straight,straight,0.9829803705215454,0.0,0.0,0.0,0.0,0.016879474744200706,8.555769454687834e-05,5.464017522172071e-05,0.9829803705215454,244
1761820208.8616273,244,straight,straight,0.9828429818153381,0.0,0.0,0.0,0.0,0.01701461896300316,8.678762969793752e-05,5.5566750233992934e-05,0.9828429818153381,244
1761820209.4663198,244,straight,straight,0.9827944040298462,0.0,0.0,0.0,0.0,0.017062939703464508,8.699222235009074e-05,5.572665759245865e-05,0.9827944040298462,244
1761820210.097267,244,straight,straight,0.9828402996063232,0.0,0.0,0.0,0.0,0.017018483951687813,8.604755566921085e-05,5.515768498298712e-05,0.9828402996063232,244
1761820210.6191194,244,straight,straight,0.9829029440879822,0.0,0.0,0.0,0.0,0.016957314684987068,8.517719834344462e-05,5.458910163724795e-05,0.9829029440879822,244
1761820211.241706,244,straight,straight,0.9829940795898438,0.0,0.0,0.0,0.0,0.016867874190211296,8.412580791627988e-05,5.387785495258868e-05,0.9829940795898438,244
1761820211.8362367,244,straight,straight,0.9829838275909424,0.0,0.0,0.0,0.0,0.016878221184015274,8.407808491028845e-05,5.3912193834548816e-05,0.9829838275909424,244
1761820212.3951244,244,straight,straight,0.9828764796257019,0.0,0.0,0.0,0.0,0.016983868554234505,8.500628609908745e-05,5.463403431349434e-05,0.9828764796257019,244
1761820213.0014844,244,straight,straight,0.9828360676765442,0.0,0.0,0.0,0.0,0.017023684456944466,8.537536632502452e-05,5.491679621627554e-05,0.9828360676765442,244
1761820213.6164653,244,straight,straight,0.9828795790672302,0.0,0.0,0.0,0.0,0.0169809740036726,8.486892329528928e-05,5.4563188314205036e-05,0.9828795790672302,244
1761820214.190971,244,straight,straight,0.9828780889511108,0.0,0.0,0.0,0.0,0.01698257587850094,8.478902600472793e-05,5.454151323647238e-05,0.9828780889511108,244
1761820214.8038585,244,straight,straight,0.9828901886940002,0.0,0.0,0.0,0.0,0.016970651224255562,8.468194573651999e-05,5.4436433856608346e-05,0.9828901886940002,244
1761820215.3970761,244,straight,straight,0.9828884601593018,0.0,0.0,0.0,0.0,0.0169724989682436,8.465119753964245e-05,5.4441065003629774e-05,0.9828884601593018,244
1761820215.9654536,244,straight,straight,0.9829025268554688,0.0,0.0,0.0,0.0,0.0169588103890419,8.436734788119793e-05,5.429676457424648e-05,0.9829025268554688,244
1761820216.5685363,244,straight,straight,0.9829677939414978,0.0,0.0,0.0,0.0,0.016894694417715073,8.368569979211316e-05,5.383558527682908e-05,0.9829677939414978,244
1761820217.2011352,244,straight,straight,0.9830312728881836,0.0,0.0,0.0,0.0,0.016832217574119568,8.305320079671219e-05,5.340535790310241e-05,0.9830312728881836,244
1761820217.7948704,244,straight,straight,0.9830904006958008,0.0,0.0,0.0,0.0,0.016774170100688934,8.248770609498024e-05,5.301760756992735e-05,0.9830904006958008,244
1761820218.3179781,244,straight,straight,0.9831409454345703,0.0,0.0,0.0,0.0,0.01672433130443096,8.19971101009287e-05,5.268695531412959e-05,0.9831409454345703,244
1761820218.91787,244,straight,straight,0.9831852316856384,0.0,0.0,0.0,0.0,0.016680851578712463,8.158496348187327e-05,5.2405841415748e-05,0.9831852316856384,244
1761820219.508812,244,straight,straight,0.9831684827804565,0.0,0.0,0.0,0.0,0.016697270795702934,8.170878572855145e-05,5.2517665608320385e-05,0.9831684827804565,244
1761820220.122011,244,straight,straight,0.9831530451774597,0.0,0.0,0.0,0.0,0.016712507233023643,8.177516428986564e-05,5.2610233979066834e-05,0.9831530451774597,244
1761820220.6984026,244,straight,straight,0.9831199645996094,0.0,0.0,0.0,0.0,0.01674514450132847,8.203626202885062e-05,5.282706115394831e-05,0.9831199645996094,244
1761820221.3736715,244,straight,straight,0.9830737709999084,0.0,0.0,0.0,0.0,0.016790643334388733,8.246028301073238e-05,5.314088411978446e-05,0.9830737709999084,244
1761820221.8659058,244,straight,straight,0.9829866886138916,0.0,0.0,0.0,0.0,0.016876298934221268,8.328936382895336e-05,5.372081068344414e-05,0.9829866886138916,244
1761820222.4645407,244,straight,straight,0.9828786849975586,0.0,0.0,0.0,0.0,0.016982514411211014,8.440617966698483e-05,5.443252666736953e-05,0.9828786849975586,244
1761820223.0613089,244,straight,straight,0.9828426241874695,0.0,0.0,0.0,0.0,0.01701800525188446,8.476511720800772e-05,5.466134098242037e-05,0.9828426241874695,244
1761820223.6668549,244,straight,straight,0.9826483130455017,0.0,0.0,0.0,0.0,0.017209555953741074,8.631723176222295e-05,5.5846900067990646e-05,0.9826483130455017,244
1761820225.560476,244,straight,straight,0.9827085137367249,0.0,0.0,0.0,0.0,0.017151035368442535,8.516384696122259e-05,5.5305186833720654e-05,0.9827085137367249,244
1761820226.1504555,244,straight,straight,0.9827579855918884,0.0,0.0,0.0,0.0,0.01710265316069126,8.442753460258245e-05,5.492107447935268e-05,0.9827579855918884,244
1761820226.7512107,244,straight,straight,0.9827809929847717,0.0,0.0,0.0,0.0,0.017080077901482582,8.413003524765372e-05,5.4776730394223705e-05,0.9827809929847717,244
1761820227.3482094,244,straight,straight,0.9828152060508728,0.0,0.0,0.0,0.0,0.017046313732862473,8.386524132220075e-05,5.4594223911408335e-05,0.9828152060508728,244
1761820227.9461117,244,straight,straight,0.9828532338142395,0.0,0.0,0.0,0.0,0.01700880192220211,8.359315688721836e-05,5.4391366575146094e-05,0.9828532338142395,244
1761820228.5529263,244,straight,straight,0.9828789234161377,0.0,0.0,0.0,0.0,0.01698336936533451,8.343716035597026e-05,5.426895586424507e-05,0.9828789234161377,244
1761820229.5305662,244,straight,straight,0.9829035401344299,0.0,0.0,0.0,0.0,0.01695910468697548,8.326310489792377e-05,5.413767212303355e-05,0.9829035401344299,244
1761820230.1281471,244,straight,straight,0.9829238057136536,0.0,0.0,0.0,0.0,0.016939079388976097,8.312962017953396e-05,5.403186150942929e-05,0.9829238057136536,244
1761820230.7288785,244,straight,straight,0.9829424619674683,0.0,0.0,0.0,0.0,0.016920574009418488,8.298766624648124e-05,5.392534876591526e-05,0.9829424619674683,244
1761820231.2462845,244,straight,straight,0.98296058177948,0.0,0.0,0.0,0.0,0.01690276712179184,8.28495467430912e-05,5.382019662647508e-05,0.98296058177948,244
1761820231.8854065,244,straight,straight,0.9829724431037903,0.0,0.0,0.0,0.0,0.016891052946448326,8.276217704406008e-05,5.375477485358715e-05,0.9829724431037903,244
1761820232.4528432,244,straight,straight,0.982984721660614,0.0,0.0,0.0,0.0,0.01687886379659176,8.26681571197696e-05,5.368352140067145e-05,0.982984721660614,244
1761820233.0427942,244,straight,straight,0.982993483543396,0.0,0.0,0.0,0.0,0.016870228573679924,8.26062387204729e-05,5.363599848351441e-05,0.982993483543396,244
1761820233.6524265,244,straight,straight,0.9830012321472168,0.0,0.0,0.0,0.0,0.01686270534992218,8.254404383478686e-05,5.359122224035673e-05,0.9830012321472168,244
1761820234.2510169,244,straight,straight,0.9830026030540466,0.0,0.0,0.0,0.0,0.01686125062406063,8.253417036030442e-05,5.358710768632591e-05,0.9830026030540466,244
1761820235.495025,244,straight,straight,0.9829993844032288,0.0,0.0,0.0,0.0,0.016864392906427383,8.258200250566006e-05,5.361765215639025e-05,0.9829993844032288,244
1761820236.2170737,244,straight,straight,0.9829709529876709,0.0,0.0,0.0,0.0,0.01689234934747219,8.286820229841396e-05,5.38255408173427e-05,0.9829709529876709,244
1761820237.454495,244,straight,straight,0.9826074242591858,0.0,0.0,0.0,0.0,0.017249705269932747,8.638520375825465e-05,5.645949568133801e-05,0.9826074242591858,244
1761820240.5459187,244,straight,straight,0.9825138449668884,0.0,0.0,0.0,0.0,0.01734197698533535,8.714382420293987e-05,5.7003722758963704e-05,0.9825138449668884,244
1761820242.4214425,244,straight,straight,0.9824648499488831,0.0,0.0,0.0,0.0,0.017390448600053787,8.745257946429774e-05,5.725825758418068e-05,0.9824648499488831,244
1761820243.0660908,244,straight,straight,0.982340931892395,0.0,0.0,0.0,0.0,0.017512653023004532,8.838804205879569e-05,5.802132000098936e-05,0.982340931892395,244
1761820243.6577606,244,straight,straight,0.9820044636726379,0.0,0.0,0.0,0.0,0.01784350909292698,9.15658674784936e-05,6.0424285038607195e-05,0.9820044636726379,244
1761820244.2625594,244,straight,straight,0.9817599654197693,0.0,0.0,0.0,0.0,0.018084265291690826,9.368392784381285e-05,6.204194505698979e-05,0.9817599654197693,244
1761820244.8515258,244,straight,straight,0.9817361831665039,0.0,0.0,0.0,0.0,0.018108375370502472,9.348015009891242e-05,6.1987986555323e-05,0.9817361831665039,244
1761820245.4495878,244,straight,straight,0.9817165732383728,0.0,0.0,0.0,0.0,0.01812823861837387,9.327452426077798e-05,6.195223249960691e-05,0.9817165732383728,244
1761820246.0246437,244,straight,straight,0.9817867875099182,0.0,0.0,0.0,0.0,0.01805964671075344,9.229825082002208e-05,6.1286315030884e-05,0.9817867875099182,244
1761820246.6166472,244,straight,straight,0.9818652272224426,0.0,0.0,0.0,0.0,0.017982682213187218,9.137415327131748e-05,6.0639977164100856e-05,0.9818652272224426,244
1761820247.4103444,244,straight,straight,0.9819324016571045,0.0,0.0,0.0,0.0,0.017916874960064888,9.067040809895843e-05,6.013753591105342e-05,0.9819324016571045,244
1761820248.035169,244,straight,straight,0.9816769361495972,0.0,0.0,0.0,0.0,0.01816832460463047,9.280193626182154e-05,6.19157071923837e-05,0.9816769361495972,244
1761820248.5296474,244,straight,straight,0.9817104935646057,0.0,0.0,0.0,0.0,0.018135422840714455,9.241657971870154e-05,6.16524339420721e-05,0.9817104935646057,244
1761820249.1692665,244,straight,straight,0.9813515543937683,0.0,0.0,0.0,0.0,0.0184883214533329,9.580573532730341e-05,6.428339111153036e-05,0.9813515543937683,244
1761820249.7637959,244,straight,straight,0.9811122417449951,0.0,0.0,0.0,0.0,0.01872337982058525,9.825344022829086e-05,6.610013224417344e-05,0.9811122417449951,244
1761820250.3752124,244,straight,straight,0.9809244871139526,0.0,0.0,0.0,0.0,0.018907614052295685,0.00010033802391262725,6.76147174090147e-05,0.9809244871139526,244
1761820250.9305756,244,straight,straight,0.9806944131851196,0.0,0.0,0.0,0.0,0.019133364781737328,0.00010271708742948249,6.947521615074947e-05,0.9806944131851196,244
1761820251.5814703,244,straight,straight,0.9806257486343384,0.0,0.0,0.0,0.0,0.01920103281736374,0.00010325821494916454,6.990745896473527e-05,0.9806257486343384,244
1761820252.1346748,244,straight,straight,0.9805906414985657,0.0,0.0,0.0,0.0,0.01923588290810585,0.00010341436427552253,7.007470412645489e-05,0.9805906414985657,244
1761820252.7399213,244,straight,straight,0.9805343747138977,0.0,0.0,0.0,0.0,0.0192913468927145,0.00010383088374510407,7.045328675303608e-05,0.9805343747138977,244
1761820253.323629,244,straight,straight,0.9804109930992126,0.0,0.0,0.0,0.0,0.019412590190768242,0.0001050282662617974,7.137777720345184e-05,0.9804109930992126,244
1761820253.9380276,244,straight,straight,0.9803496599197388,0.0,0.0,0.0,0.0,0.01947343535721302,0.00010519551869947463,7.16975046088919e-05,0.9803496599197388,244
1761820254.5548046,244,straight,straight,0.9801355600357056,0.0,0.0,0.0,0.0,0.019683679565787315,0.00010736344120232388,7.34079148969613e-05,0.9801355600357056,244
1761820255.0941486,244,straight,straight,0.9801211357116699,0.0,0.0,0.0,0.0,0.019698407500982285,0.00010714010568335652,7.330720836762339e-05,0.9801211357116699,244
1761820255.7039144,244,straight,straight,0.9797782897949219,0.0,0.0,0.0,0.0,0.020034588873386383,0.00011090869520558044,7.624497084179893e-05,0.9797782897949219,244
1761820256.2859392,244,straight,straight,0.9797964692115784,0.0,0.0,0.0,0.0,0.02001791074872017,0.00010998637299053371,7.559057848993689e-05,0.9797964692115784,244
1761820256.8585875,244,straight,straight,0.9797413349151611,0.0,0.0,0.0,0.0,0.02007279358804226,0.00011001322127413005,7.58303576731123e-05,0.9797413349151611,244
1761820257.505219,244,straight,straight,0.9798430800437927,0.0,0.0,0.0,0.0,0.01997440867125988,0.00010798758012242615,7.455873128492385e-05,0.9798430800437927,244
1761820259.3213809,244,straight,straight,0.9798703193664551,0.0,0.0,0.0,0.0,0.01994864083826542,0.00010695753735490143,7.4043455242645e-05,0.9798703193664551,244
1761820259.9566357,244,straight,straight,0.9800475239753723,0.0,0.0,0.0,0.0,0.019775034859776497,0.00010489825945114717,7.252444629557431e-05,0.9800475239753723,244
1761820260.5883281,244,straight,straight,0.9802040457725525,0.0,0.0,0.0,0.0,0.01962124928832054,0.0001033292428473942,7.130842277547345e-05,0.9802040457725525,244
1761820261.123145,244,straight,straight,0.9803210496902466,0.0,0.0,0.0,0.0,0.01950620301067829,0.0001022680226014927,7.045905658742413e-05,0.9803210496902466,244
1761820261.7344456,244,straight,straight,0.9804067015647888,0.0,0.0,0.0,0.0,0.019421851262450218,0.00010154202027479187,6.98663861840032e-05,0.9804067015647888,244
1761820262.7679572,244,straight,straight,0.9804694056510925,0.0,0.0,0.0,0.0,0.01936010643839836,0.00010103383829118684,6.944450433366e-05,0.9804694056510925,244
1761820263.3141785,244,straight,straight,0.980512261390686,0.0,0.0,0.0,0.0,0.019317803904414177,0.00010071299766423181,6.917263817740604e-05,0.980512261390686,244
1761820263.914467,244,straight,straight,0.9805410504341125,0.0,0.0,0.0,0.0,0.019289473071694374,0.00010051512072095647,6.900032894918695e-05,0.9805410504341125,244
1761820264.482052,244,straight,straight,0.9805644154548645,0.0,0.0,0.0,0.0,0.01926640048623085,0.0001003620564006269,6.886463961564004e-05,0.9805644154548645,244
1761820265.077799,244,straight,straight,0.9805748462677002,0.0,0.0,0.0,0.0,0.01925605535507202,0.00010031929559772834,6.882165325805545e-05,0.9805748462677002,244
1761820265.92699,244,straight,straight,0.9805818200111389,0.0,0.0,0.0,0.0,0.019249102100729942,0.00010028853284893557,6.879706779727712e-05,0.9805818200111389,244
1761820266.4744558,244,straight,straight,0.980583906173706,0.0,0.0,0.0,0.0,0.019246965646743774,0.00010031323472503573,6.880994624225423e-05,0.980583906173706,244
1761820267.0735614,244,straight,straight,0.9805837869644165,0.0,0.0,0.0,0.0,0.019246993586421013,0.00010034383740276098,6.883672176627442e-05,0.9805837869644165,244
1761820267.7132723,244,straight,straight,0.9805788397789001,0.0,0.0,0.0,0.0,0.019251754507422447,0.00010043467045761645,6.890435179229826e-05,0.9805788397789001,244
1761820268.2396092,244,straight,straight,0.9805800318717957,0.0,0.0,0.0,0.0,0.019250666722655296,0.0001004433142952621,6.891810335218906e-05,0.9805800318717957,244
1761820268.8419807,244,straight,straight,0.9805850386619568,0.0,0.0,0.0,0.0,0.01924566738307476,0.00010041222412837669,6.890262011438608e-05,0.9805850386619568,244
1761820269.4506462,244,straight,straight,0.9805864095687866,0.0,0.0,0.0,0.0,0.019244281575083733,0.00010041312634712085,6.89177613821812e-05,0.9805864095687866,244
1761820270.0631754,244,straight,straight,0.9805828928947449,0.0,0.0,0.0,0.0,0.019247636198997498,0.00010046995885204524,6.897617276990786e-05,0.9805828928947449,244
1761820270.651679,244,straight,straight,0.9805809259414673,0.0,0.0,0.0,0.0,0.01924954354763031,0.00010051700519397855,6.903288885951042e-05,0.9805809259414673,244
1761820271.4171798,244,straight,straight,0.9805811643600464,0.0,0.0,0.0,0.0,0.01924929954111576,0.00010053140431409702,6.907254282850772e-05,0.9805811643600464,244
1761820272.0037355,244,straight,straight,0.980490505695343,0.0,0.0,0.0,0.0,0.019338127225637436,0.00010147316061193123,6.986136577324942e-05,0.980490505695343,244
1761820272.5752964,244,straight,straight,0.980362594127655,0.0,0.0,0.0,0.0,0.01946352794766426,0.00010284874588251114,7.099775393726304e-05,0.980362594127655,244
1761820273.1768672,244,straight,straight,0.9802415370941162,0.0,0.0,0.0,0.0,0.019582079723477364,0.0001042441072058864,7.214961806312203e-05,0.9802415370941162,244
1761820273.76677,244,straight,straight,0.9799320101737976,0.0,0.0,0.0,0.0,0.019884955137968063,0.00010796432616189122,7.509601709898561e-05,0.9799320101737976,244
1761820274.339676,244,straight,straight,0.9797630906105042,0.0,0.0,0.0,0.0,0.02004978433251381,0.00011016589996870607,7.692925282754004e-05,0.9797630906105042,244
1761820274.928165,244,straight,straight,0.9794806241989136,0.0,0.0,0.0,0.0,0.020325936377048492,0.00011354611342540011,7.987229764694348e-05,0.9794806241989136,244
1761820275.516046,244,straight,straight,0.9786341190338135,0.0,0.0,0.0,0.0,0.02115301415324211,0.00012406134919729084,8.885183342499658e-05,0.9786341190338135,244
1761820276.1060748,244,straight,straight,0.9776293039321899,0.0,0.0,0.0,0.0,0.02213510498404503,0.00013549899449571967,0.00010002986527979374,0.9776293039321899,244
1761820276.695182,244,straight,straight,0.880761981010437,0.0,0.0,0.0,0.0,0.11613049358129501,0.0009547536610625684,0.0021527037024497986,0.880761981010437,244
1761820277.2690558,244,straight,straight,0.876935601234436,0.0,0.0,0.0,0.0,0.1198224276304245,0.0009781747357919812,0.002263808622956276,0.876935601234436,244
1761820277.8691459,244,straight,straight,0.871124267578125,0.0,0.0,0.0,0.0,0.12538033723831177,0.0010309453355148435,0.0024644900113344193,0.871124267578125,244
1761820278.4739237,244,straight,straight,0.866672694683075,0.0,0.0,0.0,0.0,0.12961722910404205,0.0010774934198707342,0.0026326135266572237,0.866672694683075,244
1761820279.050446,244,straight,straight,0.8684589862823486,0.0,0.0,0.0,0.0,0.12795141339302063,0.001045220298692584,0.00254431227222085,0.8684589862823486,244
1761820279.6342044,244,straight,straight,0.8711212277412415,0.0,0.0,0.0,0.0,0.12542562186717987,0.0010133327450603247,0.002439844887703657,0.8711212277412415,244
1761820280.2248816,244,straight,straight,0.8759037256240845,0.0,0.0,0.0,0.0,0.12090606242418289,0.0009429311030544341,0.0022472573909908533,0.8759037256240845,244
1761820280.8472416,244,straight,straight,0.8829174041748047,0.0,0.0,0.0,0.0,0.11424756795167923,0.0008514700457453728,0.0019835804123431444,0.8829174041748047,244
1761820281.4046748,244,straight,straight,0.8875795006752014,0.0,0.0,0.0,0.0,0.10975974798202515,0.000816497893538326,0.0018442366272211075,0.8875795006752014,244
1761820281.9892557,244,straight,straight,0.9790958166122437,0.0,0.0,0.0,0.0,0.020707720890641212,0.00011538909893715754,8.104495645966381e-05,0.9790958166122437,244
1761820282.6164494,244,straight,straight,0.9788548350334167,0.0,0.0,0.0,0.0,0.02094891108572483,0.00011610781075432897,8.010617602849379e-05,0.9788548350334167,244
1761820283.1650023,244,straight,straight,0.9794548749923706,0.0,0.0,0.0,0.0,0.020362183451652527,0.00010901138739427552,7.392846600851044e-05,0.9794548749923706,244
1761820283.8023584,244,straight,straight,0.9799692034721375,0.0,0.0,0.0,0.0,0.01985703967511654,0.00010415850556455553,6.964253407204524e-05,0.9799692034721375,244
1761820284.4851346,244,straight,straight,0.980945348739624,0.0,0.0,0.0,0.0,0.01888982765376568,9.8869924840983e-05,6.591070268768817e-05,0.980945348739624,244
1761820285.1463096,244,straight,straight,0.9810396432876587,0.0,0.0,0.0,0.0,0.018800918012857437,9.639122436055914e-05,6.300918903434649e-05,0.9810396432876587,244
1761820285.7450023,244,straight,straight,0.981541633605957,0.0,0.0,0.0,0.0,0.01830640248954296,9.218513150699437e-05,5.980630521662533e-05,0.981541633605957,244
1761820286.368239,244,straight,straight,0.9821410179138184,0.0,0.0,0.0,0.0,0.017713962122797966,8.821562369121239e-05,5.683095150743611e-05,0.9821410179138184,244
1761820286.94259,244,straight,straight,0.9829404950141907,0.0,0.0,0.0,0.0,0.016923250630497932,8.299225009977818e-05,5.325375605025329e-05,0.9829404950141907,244
1761820287.5872812,244,straight,straight,0.9833457469940186,0.0,0.0,0.0,0.0,0.016522645950317383,8.038149826461449e-05,5.12681326654274e-05,0.9833457469940186,244
1761820288.2942476,244,straight,straight,0.984396755695343,0.0,0.0,0.0,0.0,0.01548006571829319,7.527977140853181e-05,4.789433296537027e-05,0.984396755695343,244
1761820288.9187794,244,straight,straight,0.9849125742912292,0.0,0.0,0.0,0.0,0.014968427829444408,7.273490336956456e-05,4.6249253500718623e-05,0.9849125742912292,244
1761820289.472021,244,straight,straight,0.9850999712944031,0.0,0.0,0.0,0.0,0.014781072735786438,7.251558417920023e-05,4.639558756025508e-05,0.9850999712944031,244
1761820290.1252115,244,straight,straight,0.9848127961158752,0.0,0.0,0.0,0.0,0.015062627382576466,7.543781248386949e-05,4.9173784645972773e-05,0.9848127961158752,244
1761820290.9016616,244,straight,straight,0.985767662525177,0.0,0.0,0.0,0.0,0.014120751060545444,6.843701703473926e-05,4.314852776587941e-05,0.985767662525177,244
1761820293.1628861,244,straight,straight,0.9862549304962158,0.0,0.0,0.0,0.0,0.013639825396239758,6.496205605799332e-05,4.027155591757037e-05,0.9862549304962158,244
1761820293.6723285,244,straight,straight,0.9869778752326965,0.0,0.0,0.0,0.0,0.012926130555570126,5.977525870548561e-05,3.6189270758768544e-05,0.9869778752326965,244
1761820294.3071914,244,straight,straight,0.9871754050254822,0.0,0.0,0.0,0.0,0.012731024995446205,5.841573147336021e-05,3.5163557186024264e-05,0.9871754050254822,244
1761820294.9001992,244,straight,straight,0.9874453544616699,0.0,0.0,0.0,0.0,0.01246442086994648,5.6485725508537143e-05,3.375381857040338e-05,0.9874453544616699,244
1761820295.4776042,244,straight,straight,0.9874666333198547,0.0,0.0,0.0,0.0,0.012443440966308117,5.6331151427002624e-05,3.36542580043897e-05,0.9874666333198547,244
1761820296.317605,244,straight,straight,0.9874722361564636,0.0,0.0,0.0,0.0,0.012437906116247177,5.6282227888004854e-05,3.363281939527951e-05,0.9874722361564636,244
1761820296.887633,244,straight,straight,0.9874663949012756,0.0,0.0,0.0,0.0,0.012443681247532368,5.630127270705998e-05,3.366378223290667e-05,0.9874663949012756,244
1761820297.444814,244,straight,straight,0.9874464273452759,0.0,0.0,0.0,0.0,0.012463477440178394,5.640084418701008e-05,3.3760708902264014e-05,0.9874464273452759,244
1761820298.0917723,244,straight,straight,0.9874047040939331,0.0,0.0,0.0,0.0,0.012504727579653263,5.663885531248525e-05,3.3962303859880194e-05,0.9874047040939331,244
1761820298.6539152,244,straight,straight,0.9873307347297668,0.0,0.0,0.0,0.0,0.01257791742682457,5.705806688638404e-05,3.431376171647571e-05,0.9873307347297668,244
1761820299.282616,244,straight,straight,0.9872193336486816,0.0,0.0,0.0,0.0,0.012688180431723595,5.770085408585146e-05,3.484258195385337e-05,0.9872193336486816,244
1761820299.8318465,244,straight,straight,0.9870926141738892,0.0,0.0,0.0,0.0,0.01281355507671833,5.8438690757611766e-05,3.545094295986928e-05,0.9870926141738892,244
1761820300.4156325,244,straight,straight,0.9870238304138184,0.0,0.0,0.0,0.0,0.01288156770169735,5.8828936744248495e-05,3.5786415537586436e-05,0.9870238304138184,244
1761820301.042572,244,straight,straight,0.9869928359985352,0.0,0.0,0.0,0.0,0.012912126258015633,5.9039986808784306e-05,3.5956676583737135e-05,0.9869928359985352,244
1761820301.6239412,244,straight,straight,0.9870864152908325,0.0,0.0,0.0,0.0,0.012819696217775345,5.840590165462345e-05,3.544206629157998e-05,0.9870864152908325,244
1761820302.6664968,244,straight,straight,0.9873703718185425,0.0,0.0,0.0,0.0,0.012539197690784931,5.648025035043247e-05,3.398730041226372e-05,0.9873703718185425,244
1761820303.1953812,244,straight,straight,0.9877581000328064,0.0,0.0,0.0,0.0,0.01215570978820324,5.4044154239818454e-05,3.207991903764196e-05,0.9877581000328064,244
1761820303.8520253,244,straight,straight,0.987808346748352,0.0,0.0,0.0,0.0,0.012104732915759087,5.431683894130401e-05,3.2573214411968365e-05,0.987808346748352,244
1761820304.3832052,244,straight,straight,0.9878826141357422,0.0,0.0,0.0,0.0,0.012030391953885555,5.4329520935425535e-05,3.267846841481514e-05,0.9878826141357422,244
1761820304.9912522,244,straight,straight,0.9889439344406128,0.0,0.0,0.0,0.0,0.010981403291225433,4.748163701151498e-05,2.7201376724406146e-05,0.9889439344406128,244
1761820305.5487096,244,straight,straight,0.9894413948059082,0.0,0.0,0.0,0.0,0.010489365085959435,4.432565037859604e-05,2.4892216970329173e-05,0.9894413948059082,244
1761820306.2031434,244,straight,straight,0.9895612597465515,0.0,0.0,0.0,0.0,0.010370838455855846,4.350742165115662e-05,2.4338860384887084e-05,0.9895612597465515,244
1761820306.8404846,244,straight,straight,0.9896017909049988,0.0,0.0,0.0,0.0,0.010330810211598873,4.32356282544788e-05,2.4157745428965427e-05,0.9896017909049988,244
1761820307.537645,244,straight,straight,0.9896476864814758,0.0,0.0,0.0,0.0,0.010285467840731144,4.293283200240694e-05,2.395216688455548e-05,0.9896476864814758,244
1761820308.2159464,244,straight,straight,0.9896566867828369,0.0,0.0,0.0,0.0,0.010276476852595806,4.2887717427220196e-05,2.391778070887085e-05,0.9896566867828369,244
1761820308.9484472,244,straight,straight,0.9896580576896667,0.0,0.0,0.0,0.0,0.010275139473378658,4.2868643504334614e-05,2.391028647252824e-05,0.9896580576896667,244
1761820309.446422,244,straight,straight,0.9896370768547058,0.0,0.0,0.0,0.0,0.01029591728001833,4.302151864976622e-05,2.401316123723518e-05,0.9896370768547058,244
1761820310.1571915,244,straight,straight,0.989604115486145,0.0,0.0,0.0,0.0,0.010328489355742931,4.32231136073824e-05,2.4159784516086802e-05,0.989604115486145,244
1761820310.646312,244,straight,straight,0.989547848701477,0.0,0.0,0.0,0.0,0.010384013876318932,4.3654457840602845e-05,2.4432298232568428e-05,0.989547848701477,244
1761820311.26412,244,straight,straight,0.9895316362380981,0.0,0.0,0.0,0.0,0.010400013066828251,4.3845670006703585e-05,2.452852640999481e-05,0.9895316362380981,244
1761820311.808426,244,straight,straight,0.989559531211853,0.0,0.0,0.0,0.0,0.010372393764555454,4.3671796447597444e-05,2.4398357709287666e-05,0.989559531211853,244
1761820312.416231,244,straight,straight,0.9895280003547668,0.0,0.0,0.0,0.0,0.010403595864772797,4.3896383431274444e-05,2.452724402246531e-05,0.9895280003547668,244
1761820313.0342064,244,straight,straight,0.9894870519638062,0.0,0.0,0.0,0.0,0.010443861596286297,4.428852116689086e-05,2.475879227858968e-05,0.9894870519638062,244
1761820313.5871067,244,straight,straight,0.9894205331802368,0.0,0.0,0.0,0.0,0.010509524494409561,4.4857548346044496e-05,2.5096444005612284e-05,0.9894205331802368,244
1761820314.2252333,244,straight,straight,0.9894213676452637,0.0,0.0,0.0,0.0,0.010508747771382332,4.48516002506949e-05,2.5078234102693386e-05,0.9894213676452637,244
1761820314.761218,244,straight,straight,0.9893775582313538,0.0,0.0,0.0,0.0,0.010552147403359413,4.507094854488969e-05,2.5242226911359467e-05,0.9893775582313538,244
1761820315.3841927,244,straight,straight,0.9892736077308655,0.0,0.0,0.0,0.0,0.010654930956661701,4.581149187288247e-05,2.5681700208224356e-05,0.9892736077308655,244
1761820315.9752407,244,straight,straight,0.9892333745956421,0.0,0.0,0.0,0.0,0.010694755241274834,4.605058711604215e-05,2.586721529951319e-05,0.9892333745956421,244
1761820316.5516396,244,straight,straight,0.9889832139015198,0.0,0.0,0.0,0.0,0.010942140594124794,4.764146433444694e-05,2.70523814833723e-05,0.9889832139015198,244
1761820319.9087145,244,straight,straight,0.988739013671875,0.0,0.0,0.0,0.0,0.011183170601725578,4.9554455472389236e-05,2.8330463464953937e-05,0.988739013671875,244
1761820322.290687,244,straight,straight,0.9886813163757324,0.0,0.0,0.0,0.0,0.011240447871387005,4.974687908543274e-05,2.851665522030089e-05,0.9886813163757324,244
1761820323.0358198,244,straight,straight,0.9885546565055847,0.0,0.0,0.0,0.0,0.011365559883415699,5.059087197878398e-05,2.9125074433977716e-05,0.9885546565055847,244
1761820325.0764606,244,straight,straight,0.988543689250946,0.0,0.0,0.0,0.0,0.011376612819731236,5.0562382966745645e-05,2.912713898695074e-05,0.988543689250946,244
1761820326.9155579,244,straight,straight,0.988573431968689,0.0,0.0,0.0,0.0,0.01134741771966219,5.023624544264749e-05,2.8923839636263438e-05,0.988573431968689,244
1761820327.5148373,244,straight,straight,0.9885168075561523,0.0,0.0,0.0,0.0,0.011403421871364117,5.062851414550096e-05,2.919342296081595e-05,0.9885168075561523,244
1761820328.0954576,244,straight,straight,0.9883666634559631,0.0,0.0,0.0,0.0,0.011551623232662678,5.169430733076297e-05,2.9984179491293617e-05,0.9883666634559631,244
1761820328.7337682,244,straight,straight,0.9882410168647766,0.0,0.0,0.0,0.0,0.011675593443214893,5.267854066914879e-05,3.066488352487795e-05,0.9882410168647766,244
1761820329.2434957,244,straight,straight,0.9882215857505798,0.0,0.0,0.0,0.0,0.011695328168570995,5.2547700761351734e-05,3.0570929084206e-05,0.9882215857505798,244
1761820329.9225838,244,straight,straight,0.9881768822669983,0.0,0.0,0.0,0.0,0.01173968706279993,5.274076829664409e-05,3.065312921535224e-05,0.9881768822669983,244
1761820330.4392512,244,straight,straight,0.9881314039230347,0.0,0.0,0.0,0.0,0.011785109527409077,5.2790575864491984e-05,3.07719201373402e-05,0.9881314039230347,244
1761820331.0580842,244,straight,straight,0.9881426692008972,0.0,0.0,0.0,0.0,0.011774244718253613,5.242928091320209e-05,3.063593612750992e-05,0.9881426692008972,244
1761820331.6589727,244,straight,straight,0.9882402420043945,0.0,0.0,0.0,0.0,0.011678039096295834,5.1578328566392884e-05,3.0105435143923387e-05,0.9882402420043945,244
1761820332.2823555,244,straight,straight,0.9883427023887634,0.0,0.0,0.0,0.0,0.011576979421079159,5.0772421673173085e-05,2.9586919481516816e-05,0.9883427023887634,244
1761820332.8890495,244,straight,straight,0.9880498051643372,0.0,0.0,0.0,0.0,0.011866522952914238,5.2668448915937915e-05,3.1046689400682226e-05,0.9880498051643372,244
1761820333.4131362,244,straight,straight,0.9877474308013916,0.0,0.0,0.0,0.0,0.012164890766143799,5.4979038395686075e-05,3.2688836654415354e-05,0.9877474308013916,244
1761820334.027568,244,straight,straight,0.9877337217330933,0.0,0.0,0.0,0.0,0.01217854768037796,5.503723878064193e-05,3.27402631228324e-05,0.9877337217330933,244
1761820334.630983,244,straight,straight,0.987711489200592,0.0,0.0,0.0,0.0,0.012200546450912952,5.5094922572607175e-05,3.2818177714943886e-05,0.987711489200592,244
1761820335.2380583,244,straight,straight,0.9877321720123291,0.0,0.0,0.0,0.0,0.012180298566818237,5.48336684005335e-05,3.266071871621534e-05,0.9877321720123291,244
1761820335.8108892,244,straight,straight,0.9877679944038391,0.0,0.0,0.0,0.0,0.012145048938691616,5.448515003081411e-05,3.243512401240878e-05,0.9877679944038391,244
1761820336.60666,244,straight,straight,0.9870506525039673,0.0,0.0,0.0,0.0,0.012851418927311897,6.103579653427005e-05,3.692526661325246e-05,0.9870506525039673,244
1761820337.2096512,244,straight,straight,0.9871362447738647,0.0,0.0,0.0,0.0,0.012767610140144825,5.990007412037812e-05,3.6207646189723164e-05,0.9871362447738647,244
1761820337.7792416,244,straight,straight,0.9871416091918945,0.0,0.0,0.0,0.0,0.012763035483658314,5.943782161921263e-05,3.5907742130802944e-05,0.9871416091918945,244
1761820338.388237,244,straight,straight,0.9870425462722778,0.0,0.0,0.0,0.0,0.012860876508057117,6.020546788931824e-05,3.63543294952251e-05,0.9870425462722778,244
1761820338.9501936,244,straight,straight,0.9869772791862488,0.0,0.0,0.0,0.0,0.01292538270354271,6.062882312107831e-05,3.6677556636277586e-05,0.9869772791862488,244
1761820339.9879384,244,straight,straight,0.9866071939468384,0.0,0.0,0.0,0.0,0.01329036895185709,6.352105992846191e-05,3.889791696565226e-05,0.9866071939468384,244
1761820340.6019187,244,straight,straight,0.9864364266395569,0.0,0.0,0.0,0.0,0.013458975590765476,6.470897642429918e-05,3.9858972741058096e-05,0.9864364266395569,244
1761820341.1181107,244,straight,straight,0.9863059520721436,0.0,0.0,0.0,0.0,0.013588051311671734,6.5507301769685e-05,4.053206430398859e-05,0.9863059520721436,244
1761820341.72747,244,straight,straight,0.9862611889839172,0.0,0.0,0.0,0.0,0.013632779940962791,6.542960181832314e-05,4.0618295315653086e-05,0.9862611889839172,244
1761820342.2488072,244,straight,straight,0.9862789511680603,0.0,0.0,0.0,0.0,0.013615958392620087,6.479040166595951e-05,4.027103932457976e-05,0.9862789511680603,244
1761820342.9075613,244,straight,straight,0.9863538146018982,0.0,0.0,0.0,0.0,0.013542634434998035,6.385242159012705e-05,3.963299241149798e-05,0.9863538146018982,244
1761820343.434079,244,straight,straight,0.9862917065620422,0.0,0.0,0.0,0.0,0.013604310341179371,6.411112553905696e-05,3.988415119238198e-05,0.9862917065620422,244
1761820344.0421698,244,straight,straight,0.9861245155334473,0.0,0.0,0.0,0.0,0.01376940868794918,6.52910748613067e-05,4.079939390067011e-05,0.9861245155334473,244
1761820344.6371217,244,straight,straight,0.9860987663269043,0.0,0.0,0.0,0.0,0.013795461505651474,6.502403994090855e-05,4.075975084560923e-05,0.9860987663269043,244
1761820345.2532423,244,straight,straight,0.9859398603439331,0.0,0.0,0.0,0.0,0.013952442444860935,6.607265095226467e-05,4.163396079093218e-05,0.9859398603439331,244
1761820346.0664606,244,straight,straight,0.9859303832054138,0.0,0.0,0.0,0.0,0.013961905613541603,6.608033436350524e-05,4.1683062590891495e-05,0.9859303832054138,244
1761820346.6480112,244,straight,straight,0.9857673645019531,0.0,0.0,0.0,0.0,0.014123211614787579,6.697053322568536e-05,4.245817399350926e-05,0.9857673645019531,244
1761820347.4247067,244,straight,straight,0.9855622053146362,0.0,0.0,0.0,0.0,0.014325841329991817,6.837592081865296e-05,4.3603158701444045e-05,0.9855622053146362,244
1761820348.4157784,244,straight,straight,0.9855566620826721,0.0,0.0,0.0,0.0,0.014331697486341,6.812702486058697e-05,4.346627974882722e-05,0.9855566620826721,244
1761820349.8812695,244,straight,straight,0.9855191707611084,0.0,0.0,0.0,0.0,0.014369026757776737,6.824122101534158e-05,4.359464583103545e-05,0.9855191707611084,244
1761820351.1083798,244,straight,straight,0.9855009913444519,0.0,0.0,0.0,0.0,0.01438697800040245,6.832682993263006e-05,4.366315988590941e-05,0.9855009913444519,244
1761820351.8235044,244,straight,straight,0.9852539896965027,0.0,0.0,0.0,0.0,0.014630812220275402,7.006312807789072e-05,4.511156294029206e-05,0.9852539896965027,244
1761820352.6225023,244,straight,straight,0.9851405620574951,0.0,0.0,0.0,0.0,0.014742663130164146,7.093860040185973e-05,4.580026870826259e-05,0.9851405620574951,244
1761820353.4022465,244,straight,straight,0.984992265701294,0.0,0.0,0.0,0.0,0.014889536425471306,7.18441151548177e-05,4.638724203687161e-05,0.984992265701294,244
1761820354.1715958,244,straight,straight,0.9847841262817383,0.0,0.0,0.0,0.0,0.01509493961930275,7.34068889869377e-05,4.750238440465182e-05,0.9847841262817383,244
1761820356.966667,244,straight,straight,0.9841379523277283,0.0,0.0,0.0,0.0,0.015733417123556137,7.742139132460579e-05,5.117812179378234e-05,0.9841379523277283,244
1761820357.670108,244,straight,straight,0.9838500022888184,0.0,0.0,0.0,0.0,0.016017675399780273,7.949554856168106e-05,5.2884541219100356e-05,0.9838500022888184,244
1761820358.2796638,244,straight,straight,0.9836201667785645,0.0,0.0,0.0,0.0,0.0162452794611454,8.058801904553548e-05,5.3971689339959994e-05,0.9836201667785645,244
1761820358.8222706,244,straight,straight,0.9833985567092896,0.0,0.0,0.0,0.0,0.01646474190056324,8.162664016708732e-05,5.508164394996129e-05,0.9833985567092896,244
1761820360.7267642,244,straight,straight,0.9832828044891357,0.0,0.0,0.0,0.0,0.016579752787947655,8.197179704438895e-05,5.546901957131922e-05,0.9832828044891357,244
1761820361.326062,244,straight,straight,0.9832674860954285,0.0,0.0,0.0,0.0,0.016595447435975075,8.163622987922281e-05,5.5372383940266445e-05,0.9832674860954285,244
1761820361.8891644,244,straight,straight,0.983340322971344,0.0,0.0,0.0,0.0,0.01652417704463005,8.06734969955869e-05,5.48058669664897e-05,0.983340322971344,244
1761820362.5163622,244,straight,straight,0.9834315180778503,0.0,0.0,0.0,0.0,0.016434624791145325,7.970452861627564e-05,5.411099118646234e-05,0.9834315180778503,244
1761820363.1182535,244,straight,straight,0.9832550287246704,0.0,0.0,0.0,0.0,0.016609003767371178,8.084070577751845e-05,5.514755321200937e-05,0.9832550287246704,244
1761820363.7861822,244,straight,straight,0.9833555817604065,0.0,0.0,0.0,0.0,0.016509613022208214,8.021245594136417e-05,5.457654333440587e-05,0.9833555817604065,244
1761820364.476067,244,straight,straight,0.9834564328193665,0.0,0.0,0.0,0.0,0.016410209238529205,7.942253432702273e-05,5.397016866481863e-05,0.9834564328193665,244
1761820365.0867684,244,straight,straight,0.9834433794021606,0.0,0.0,0.0,0.0,0.01642298512160778,7.95266023487784e-05,5.408233846537769e-05,0.9834433794021606,244
1761820365.7023056,244,straight,straight,0.9834279417991638,0.0,0.0,0.0,0.0,0.016438491642475128,7.943742821225896e-05,5.412059908849187e-05,0.9834279417991638,244
1761820366.2447333,244,straight,straight,0.9834052324295044,0.0,0.0,0.0,0.0,0.01646103896200657,7.949560676934198e-05,5.424004848464392e-05,0.9834052324295044,244
1761820366.977714,244,straight,straight,0.983442485332489,0.0,0.0,0.0,0.0,0.01642431691288948,7.920107600511983e-05,5.402213355409913e-05,0.983442485332489,244
1761820367.6517794,244,straight,straight,0.983267605304718,0.0,0.0,0.0,0.0,0.016596604138612747,8.061908738454804e-05,5.5200984206749126e-05,0.983267605304718,244
1761820368.363906,244,straight,straight,0.983253538608551,0.0,0.0,0.0,0.0,0.01661033369600773,8.079356484813616e-05,5.533998046303168e-05,0.983253538608551,244
1761820369.0404577,244,straight,straight,0.9833136200904846,0.0,0.0,0.0,0.0,0.01655103825032711,8.039006206672639e-05,5.50017248315271e-05,0.9833136200904846,244
1761820369.5930166,244,straight,straight,0.983371913433075,0.0,0.0,0.0,0.0,0.016493473201990128,7.998004730325192e-05,5.466949733090587e-05,0.983371913433075,244
1761820370.4863975,244,straight,straight,0.9834257364273071,0.0,0.0,0.0,0.0,0.01644028164446354,7.961843948578462e-05,5.437138315755874e-05,0.9834257364273071,244
1761820371.008085,244,straight,straight,0.9835001230239868,0.0,0.0,0.0,0.0,0.016366809606552124,7.91222119005397e-05,5.3945856052450836e-05,0.9835001230239868,244
1761820371.5831957,244,straight,straight,0.9836211204528809,0.0,0.0,0.0,0.0,0.01624751091003418,7.822137558832765e-05,5.319035335560329e-05,0.9836211204528809,244
1761820372.19911,244,straight,straight,0.9837254881858826,0.0,0.0,0.0,0.0,0.016144422814249992,7.748435018584132e-05,5.2558196330210194e-05,0.9837254881858826,244
1761820372.9666483,244,straight,straight,0.983745813369751,0.0,0.0,0.0,0.0,0.016124308109283447,7.739806460449472e-05,5.246958608040586e-05,0.983745813369751,244
1761820373.6024036,244,straight,straight,0.9838828444480896,0.0,0.0,0.0,0.0,0.015989111736416817,7.638307579327375e-05,5.161396984476596e-05,0.9838828444480896,244
1761820374.142778,244,straight,straight,0.9840003848075867,0.0,0.0,0.0,0.0,0.0158732607960701,7.553972682217136e-05,5.089234764454886e-05,0.9840003848075867,244
1761820374.7376816,244,straight,straight,0.984085202217102,0.0,0.0,0.0,0.0,0.01578943431377411,7.500624633394182e-05,5.0410097173880786e-05,0.984085202217102,244
1761820375.336134,244,straight,straight,0.9841321706771851,0.0,0.0,0.0,0.0,0.01574285514652729,7.475716120097786e-05,5.0173166528111324e-05,0.9841321706771851,244
1761820375.8752773,244,straight,straight,0.9841152429580688,0.0,0.0,0.0,0.0,0.015759514644742012,7.493052544305101e-05,5.030276224715635e-05,0.9841152429580688,244
1761820376.4891787,244,straight,straight,0.9841273427009583,0.0,0.0,0.0,0.0,0.015747589990496635,7.486987306037918e-05,5.0243979785591364e-05,0.9841273427009583,244
1761820377.1224158,244,straight,straight,0.984157919883728,0.0,0.0,0.0,0.0,0.01571735180914402,7.466883835149929e-05,5.007523941458203e-05,0.984157919883728,244
1761820377.6834562,244,straight,straight,0.9842208623886108,0.0,0.0,0.0,0.0,0.015655210241675377,7.419460598612204e-05,4.9689202569425106e-05,0.9842208623886108,244
1761820378.2628295,244,straight,straight,0.984332799911499,0.0,0.0,0.0,0.0,0.015544839203357697,7.335848204093054e-05,4.90037928102538e-05,0.984332799911499,244
1761820378.8740091,244,straight,straight,0.9843682646751404,0.0,0.0,0.0,0.0,0.0155098307877779,7.314659160329029e-05,4.881343193119392e-05,0.9843682646751404,244
1761820379.417166,244,straight,straight,0.9844555854797363,0.0,0.0,0.0,0.0,0.015423621982336044,7.249317422974855e-05,4.827898374060169e-05,0.9844555854797363,244
1761820380.0259562,244,straight,straight,0.9844975471496582,0.0,0.0,0.0,0.0,0.015382238663733006,7.224531145766377e-05,4.80525559396483e-05,0.9844975471496582,244
1761820381.0244598,244,straight,straight,0.9846150279045105,0.0,0.0,0.0,0.0,0.015266166999936104,7.139880472095683e-05,4.735465699923225e-05,0.9846150279045105,244
1761820381.5975864,244,straight,straight,0.9846828579902649,0.0,0.0,0.0,0.0,0.015199207700788975,7.092593295965344e-05,4.6945213398430496e-05,0.9846828579902649,244
1761820382.224155,244,straight,straight,0.9846822023391724,0.0,0.0,0.0,0.0,0.01519981399178505,7.101285882527009e-05,4.6970482799224555e-05,0.9846822023391724,244
1761820382.7653112,244,straight,straight,0.9846524596214294,0.0,0.0,0.0,0.0,0.015229026786983013,7.129849109333009e-05,4.715914838016033e-05,0.9846524596214294,244
1761820383.3817794,244,straight,straight,0.9846298098564148,0.0,0.0,0.0,0.0,0.015251385979354382,7.150249439291656e-05,4.7299534344347194e-05,0.9846298098564148,244
1761820383.912524,244,straight,straight,0.9846067428588867,0.0,0.0,0.0,0.0,0.015274171717464924,7.17152506695129e-05,4.7451816499233246e-05,0.9846067428588867,244
1761820384.54042,244,straight,straight,0.984667181968689,0.0,0.0,0.0,0.0,0.015214440412819386,7.12881374056451e-05,4.7100253141252324e-05,0.984667181968689,244
1761820385.1310904,244,straight,straight,0.9847568869590759,0.0,0.0,0.0,0.0,0.015125870704650879,7.064259989419952e-05,4.657614044845104e-05,0.9847568869590759,244
1761825495.7930906,244,jump,jump,0.4643014669418335,0.0,0.0,0.0,0.0,0.4643014669418335,0.003670148318633437,0.09046836197376251,0.4415600299835205,244
1761896927.2287385,244,straight,straight,0.8467162251472473,0.40615274620056147,0.40615274620056147,0.40615274620056147,0.0,0.14614897966384888,0.0020504938438534737,0.005084310192614794,0.8467162251472473,244
1761896930.0758686,244,straight,straight,0.8272300362586975,0.40615274620056147,0.40615274620056147,0.40615274620056147,0.0,0.16309884190559387,0.0025332048535346985,0.007137876469641924,0.8272300362586975,244
1761896931.9685113,244,left,straight,0.999599277973175,0.40615274620056147,0.40615274620056147,0.40615274620056147,0.0,0.0003948984667658806,0.999599277973175,5.245457941782661e-06,6.294582135524251e-07,244
1761896934.0525403,244,straight,straight,0.8411654233932495,0.3594036419391632,0.3594036419391632,0.3594036419391632,0.0,0.15122351050376892,0.0021463106386363506,0.005464768502861261,0.8411654233932495,244
1761896935.987713,244,straight,straight,0.8209424018859863,0.32434181374311444,0.32434181374311444,0.32434181374311444,0.0,0.1686774343252182,0.0026557128876447678,0.0077244313433766365,0.8209424018859863,244
1761896937.8725657,244,left,straight,0.9995805621147156,0.2980454425960779,0.2980454425960779,0.2980454425960779,0.0,0.00041311694076284766,0.9995805621147156,5.554350082093151e-06,6.718876193190226e-07,244
1761896940.0065742,244,straight,straight,0.8359512090682983,0.2823860602490604,0.2823860602490604,0.2823860602490604,0.0,0.1559767872095108,0.0022322419099509716,0.005839754361659288,0.8359512090682983,244
1761896942.0748615,244,straight,straight,0.8148263692855835,0.2706415234887972,0.2706415234887972,0.2706415234887972,0.0,0.17406105995178223,0.0027774700429290533,0.008335140533745289,0.8148263692855835,244
1761896944.1396494,244,left,straight,0.9995627999305725,0.2618331209185999,0.2618331209185999,0.2618331209185999,0.0,0.000430591608164832,0.9995627999305725,5.84140343562467e-06,7.132857717806473e-07,244
1761896945.9902685,244,straight,straight,0.8316606283187866,0.2557495898726047,0.2557495898726047,0.2557495898726047,0.0,0.15993238985538483,0.0022822164464741945,0.00612479355186224,0.8316606283187866,244
1761896948.0976055,244,straight,straight,0.8090019226074219,0.2511869415881083,0.2511869415881083,0.2511869415881083,0.0,0.17917750775814056,0.0028894969727844,0.00893109105527401,0.8090019226074219,244
1761896950.1505582,244,left,straight,0.9995480179786682,0.247764955374736,0.247764955374736,0.247764955374736,0.0,0.0004452069115359336,0.9995480179786682,6.057787231839029e-06,7.470014224963961e-07,244
1761896952.3183093,244,straight,straight,0.8290259838104248,0.24565547479177893,0.24565547479177893,0.24565547479177893,0.0,0.16252440214157104,0.002261738758534193,0.006187863182276487,0.8290259838104248,244
1761896954.114561,244,straight,straight,0.8035392761230469,0.24407336435456112,0.24407336435456112,0.24407336435456112,0.0,0.18399499356746674,0.0029832960572093725,0.009482351131737232,0.8035392761230469,244
1761896955.9886687,244,left,straight,0.9995404481887817,0.24288678152664775,0.24288678152664775,0.24288678152664775,0.0,0.0004526562988758087,0.9995404481887817,6.142630809335969e-06,7.623124815836491e-07,244
1761896957.8505352,244,straight,straight,0.8289415836334229,0.2426584750362059,0.2426584750362059,0.2426584750362059,0.0,0.16298748552799225,0.002141397213563323,0.005929502192884684,0.8289415836334229,244
1761896959.6656146,244,straight,straight,0.798528790473938,0.24248724516837453,0.24248724516837453,0.24248724516837453,0.0,0.18847979605197906,0.003046045545488596,0.009945378638803959,0.798528790473938,244
1761896961.5593224,244,left,straight,0.999542236328125,0.242358822767501,0.242358822767501,0.242358822767501,0.0,0.00045094999950379133,0.999542236328125,6.085128461563727e-06,7.557570711469452e-07,244
1761896963.5895038,244,straight,straight,0.8295376896858215,0.24193799324673781,0.24193799324673781,0.24193799324673781,0.0,0.16281196475028992,0.0020098239183425903,0.005640481598675251,0.8295376896858215,244
1761896965.7722008,244,straight,straight,0.7948384284973145,0.2416223711061654,0.2416223711061654,0.2416223711061654,0.0,0.19192655384540558,0.003053586930036545,0.01018138974905014,0.7948384284973145,244
1761896967.8252077,244,left,straight,0.999549925327301,0.24138565450073612,0.24138565450073612,0.24138565450073612,0.0,0.0004433796275407076,0.999549925327301,5.9461171986185946e-06,7.367287366832898e-07,244
1761896969.8287678,244,straight,straight,0.8282514214515686,0.240366061964343,0.240366061964343,0.240366061964343,0.0,0.16421568393707275,0.0019538933411240578,0.005579038057476282,0.8282514214515686,244
1761896971.66854,244,straight,straight,0.7931146025657654,0.23960136756204814,0.23960136756204814,0.23960136756204814,0.0,0.19382351636886597,0.002983053680509329,0.010078821331262589,0.7931146025657654,244
1761896973.6674638,244,left,straight,0.9995587468147278,0.239027846760327,0.239027846760327,0.239027846760327,0.0,0.00043463712790980935,0.9995587468147278,5.791755484096939e-06,7.156048695833306e-07,244
1761896975.8909047,244,straight,straight,0.8255689740180969,0.23946231683103322,0.23946231683103322,0.23946231683103322,0.0,0.16681747138500214,0.0019453747663646936,0.005668157245963812,0.8255689740180969,244
1761896977.7867317,244,straight,straight,0.7928600907325745,0.2397881693840629,0.2397881693840629,0.2397881693840629,0.0,0.19454963505268097,0.0028549358248710632,0.009735377505421638,0.7928600907325745,244
1761896979.7478797,244,left,straight,0.9995668530464172,0.24003255879883514,0.24003255879883514,0.24003255879883514,0.0,0.0004268154443707317,0.9995668530464172,5.652177605952602e-06,6.967400736357376e-07,244
1761896981.8402061,244,straight,straight,0.8221555948257446,0.23934110739830544,0.23934110739830544,0.23934110739830544,0.0,0.1700524389743805,0.0019590076990425587,0.005832947790622711,0.8221555948257446,244
1761896983.7180889,244,straight,straight,0.7921171188354492,0.23882251884790817,0.23882251884790817,0.23882251884790817,0.0,0.1956588178873062,0.0027451564092189074,0.009478953666985035,0.7921171188354492,244
1761896985.7837524,244,left,straight,0.9995740056037903,0.2384335774351102,0.2384335774351102,0.2384335774351102,0.0,0.00041977412183769047,0.9995740056037903,5.5264522416109685e-06,6.798978233746311e-07,244
1761896987.8102264,244,straight,straight,0.8183251023292542,0.23851937858528957,0.23851937858528957,0.23851937858528957,0.0,0.17364934086799622,0.0019841359462589025,0.0060414765030145645,0.8183251023292542,244
1761896989.5944548,244,straight,straight,0.7899302244186401,0.23858372944792408,0.23858372944792408,0.23858372944792408,0.0,0.19792436063289642,0.0026898083742707968,0.00945559237152338,0.7899302244186401,244
1761896991.5139222,244,left,straight,0.9995803236961365,0.23863199259489998,0.23863199259489998,0.23863199259489998,0.0,0.000413582194596529,0.9995803236961365,5.416464318841463e-06,6.652678621321684e-07,244
1761896993.5285003,244,straight,straight,0.8142572641372681,0.23825542063750493,0.23825542063750493,0.23825542063750493,0.0,0.177444726228714,0.0020156672690063715,0.006282289046794176,0.8142572641372681,244
1761896995.3335195,244,straight,straight,0.7865641713142395,0.23797299166945868,0.23797299166945868,0.23797299166945868,0.0,0.2011399269104004,0.0026759097818285227,0.009620004333555698,0.7865641713142395,244
1761896997.19024,244,left,straight,0.9995859265327454,0.237761169943424,0.237761169943424,0.237761169943424,0.0,0.0004081111110281199,0.9995859265327454,5.320303444023011e-06,6.525217486341717e-07,244
1761896999.0873785,244,straight,straight,0.8100699186325073,0.23789352002234157,0.23789352002234157,0.23789352002234157,0.0,0.18132945895195007,0.0020506202708929777,0.006549921818077564,0.8100699186325073,244
1761897001.1723025,244,straight,straight,0.782455325126648,0.23799278258152975,0.23799278258152975,0.23799278258152975,0.0,0.20495465397834778,0.002686280757188797,0.009903725236654282,0.782455325126648,244
1761897003.3160322,244,left,straight,0.9995908141136169,0.23806722950092088,0.23806722950092088,0.23806722950092088,0.0,0.00040340828127227724,0.9995908141136169,5.238474386715097e-06,6.417018880711112e-07,244
1761897005.2709386,244,straight,straight,0.8057462573051453,0.23870454495512794,0.23870454495512794,0.23870454495512794,0.0,0.18532808125019073,0.0020884929690510035,0.006837222725152969,0.8057462573051453,244
1761897007.3162777,244,straight,straight,0.7778698205947876,0.23918253154578323,0.23918253154578323,0.23918253154578323,0.0,0.20915332436561584,0.0027111703529953957,0.010265697725117207,0.7778698205947876,244
1761897009.2002962,244,left,straight,0.9995948672294617,0.2395410214887747,0.2395410214887747,0.2395410214887747,0.0,0.000399480399210006,0.9995948672294617,5.17072521688533e-06,6.327560413410538e-07,244
1761897011.017302,244,straight,straight,0.8013126254081726,0.24014564906259542,0.24014564906259542,0.24014564906259542,0.0,0.18941663205623627,0.00212854309938848,0.007142174057662487,0.8013126254081726,244
1761897013.0717998,244,straight,straight,0.7729559540748596,0.24059911974296097,0.24059911974296097,0.24059911974296097,0.0,0.2136138379573822,0.002745251404121518,0.010685015469789505,0.7729559540748596,244
1761897015.0808976,244,left,straight,0.9995980858802795,0.24093922275323512,0.24093922275323512,0.24093922275323512,0.0,0.0003962154733017087,0.9995980858802795,5.114908617542824e-06,6.253886226659233e-07,244
1761897016.9236114,244,straight,straight,0.7967999577522278,0.24033688361956806,0.24033688361956806,0.24033688361956806,0.0,0.19356755912303925,0.0021700337529182434,0.007462405599653721,0.7967999577522278,244
1761897018.9805524,244,straight,straight,0.7677579522132874,0.23988512926931777,0.23988512926931777,0.23988512926931777,0.0,0.21830488741397858,0.0027849660255014896,0.01115219946950674,0.7677579522132874,244
1761897020.8071578,244,left,straight,0.9996008276939392,0.23954631350663003,0.23954631350663003,0.23954631350663003,0.0,0.00039342534728348255,0.9996008276939392,5.067756774224108e-06,6.191491479512479e-07,244
1761897022.6127195,244,straight,straight,0.7922212481498718,0.23954158990254026,0.23954158990254026,0.23954158990254026,0.0,0.19776849448680878,0.002212764462456107,0.0077974931336939335,0.7922212481498718,244
1761897024.4568355,244,straight,straight,0.7620804309844971,0.23953804719947297,0.23953804719947297,0.23953804719947297,0.0,0.22340847551822662,0.002827498596161604,0.011683566495776176,0.7620804309844971,244
1761897026.5046973,244,left,straight,0.9996033310890198,0.23953539017217246,0.23953539017217246,0.23953539017217246,0.0,0.0003910782397724688,0.9996033310890198,5.0284706958336756e-06,6.139441097730014e-07,244
1761897028.7256272,244,straight,straight,0.787562906742096,0.23917421027553745,0.23917421027553745,0.23917421027553745,0.0,0.20203211903572083,0.002256331266835332,0.00814869161695242,0.787562906742096,244
1761897030.6580446,244,straight,straight,0.7561995387077332,0.2389033253530612,0.2389033253530612,0.2389033253530612,0.0,0.22867022454738617,0.0028727410826832056,0.012257409282028675,0.7561995387077332,244
1761897032.4846718,244,left,straight,0.9996053576469421,0.23870016166120397,0.23870016166120397,0.23870016166120397,0.0,0.00038909248542040586,0.9996053576469421,4.995552899345057e-06,6.095720550547412e-07,244
1761897034.4263904,244,straight,straight,0.7827128767967224,0.23792180541567226,0.23792180541567226,0.23792180541567226,0.0,0.20646414160728455,0.002299055689945817,0.008523869328200817,0.7827128767967224,244
1761897036.503192,244,straight,straight,0.7501941919326782,0.2373380382315235,0.2373380382315235,0.2373380382315235,0.0,0.23402009904384613,0.002920034807175398,0.012865613214671612,0.7501941919326782,244
1761897038.391046,244,left,straight,0.9996070265769958,0.2369002128434119,0.2369002128434119,0.2369002128434119,0.0,0.0003874067624565214,0.9996070265769958,4.9678301365929656e-06,6.058789381313545e-07,244
1761897040.5776243,244,straight,straight,0.7777777314186096,0.2375117613667203,0.2375117613667203,0.2375117613667203,0.0,0.2109573632478714,0.002343057421967387,0.008921832777559757,0.7777777314186096,244
1761897042.7192485,244,straight,straight,0.7440688014030457,0.2379704227592016,0.2379704227592016,0.2379704227592016,0.0,0.2394525408744812,0.002969276625663042,0.013509383425116539,0.7440688014030457,244
1761897044.9528913,244,left,straight,0.9996083378791809,0.23831441880356258,0.23831441880356258,0.23831441880356258,0.0,0.00038607948226854205,0.9996083378791809,4.946010449202731e-06,6.029774226590234e-07,244
1761897047.1703696,244,straight,straight,0.7727599740028381,0.23810612512447674,0.23810612512447674,0.23810612512447674,0.0,0.21550586819648743,0.00238814321346581,0.009345960803329945,0.7727599740028381,244
1761897049.068324,244,straight,straight,0.737866997718811,0.23794990486516238,0.23794990486516238,0.23794990486516238,0.0,0.24492919445037842,0.0030195959843695164,0.014184221625328064,0.737866997718811,244
1761897051.0089407,244,left,straight,0.999609649181366,0.2378327396706766,0.2378327396706766,0.2378327396706766,0.0,0.00038491401937790215,0.999609649181366,4.927054305881029e-06,6.004486863275815e-07,244
1761897053.5047433,244,straight,straight,0.7676933407783508,0.23963404333561855,0.23963404333561855,0.23963404333561855,0.0,0.22008471190929413,0.0024340630043298006,0.009787860326468945,0.7676933407783508,244
1761897056.0324683,244,straight,straight,0.731447696685791,0.240985021084325,0.240985021084325,0.240985021084325,0.0,0.25057974457740784,0.0030713207088410854,0.014901228249073029,0.731447696685791,244
